web_page_component,role,function,web_route,frontend_file,api_service_used,backend_endpoint,http_method,request,response,permissions,current_mobile_equivalent,mobile_status,required_mobile_screen_action,web_actions,api_ui_mismatch,backend_source
AccountSettings,Public / shared,response,component/subflow,components/AccountSettings.jsx,services/api.js,/upload/profile-image,POST,"file: UploadFile=File(...), current_user: User=Depends(get_current_user), db: Session=Depends(get_db)",inline,FastAPI authenticated/role dependency; inspect handler,none found,missing,Expose response in the mobile AccountSettings flow,"fileInputRef.current?.click()}
                    className=""mt-3 inline-flex items-center gap-2 text-sm text-accent font-medium hover:text-accent-dark transition-colors""
                  >
                    Change Photo | ← Back to Dashboard",,D:\Projects\sahajomy-platform\backend\app\api\v1\upload.py:87
AccountSettings,Public / shared,instead,component/subflow,components/AccountSettings.jsx,services/api.js,/auth/me/profile-image,PUT,"body: ProfileImageUpdateRequest, current_user: User=Depends(get_current_user_from_auth_deps), db: Session=Depends(get_db)",inline,FastAPI authenticated/role dependency; inspect handler,none found,missing,Expose instead in the mobile AccountSettings flow,"fileInputRef.current?.click()}
                    className=""mt-3 inline-flex items-center gap-2 text-sm text-accent font-medium hover:text-accent-dark transition-colors""
                  >
                    Change Photo | ← Back to Dashboard",,D:\Projects\sahajomy-platform\backend\app\api\v1\auth.py:296
AccountSettings,Public / shared,updatedUser,component/subflow,components/AccountSettings.jsx,services/api.js,/auth/me/profile-image,PUT,"body: ProfileImageUpdateRequest, current_user: User=Depends(get_current_user_from_auth_deps), db: Session=Depends(get_db)",inline,FastAPI authenticated/role dependency; inspect handler,none found,missing,Expose updatedUser in the mobile AccountSettings flow,"fileInputRef.current?.click()}
                    className=""mt-3 inline-flex items-center gap-2 text-sm text-accent font-medium hover:text-accent-dark transition-colors""
                  >
                    Change Photo | ← Back to Dashboard",,D:\Projects\sahajomy-platform\backend\app\api\v1\auth.py:296
ActivityThread,Public / shared,res,component/subflow,components/interactions/ActivityThread.jsx,services/api.js,/interactions,GET,"target_type: TargetType=TARGET_TYPE_QUERY, target_id: str=TARGET_ID_QUERY, db: Session=DB_SESSION_DEP, current_user: User=ANY_AUTH_USER_DEP",inline,FastAPI authenticated/role dependency; inspect handler,none found,missing,Expose res in the mobile ActivityThread flow,Cancel,,D:\Projects\sahajomy-platform\backend\app\api\v1\interactions.py:270
ActivityThread,Public / shared,submitTarget,component/subflow,components/interactions/ActivityThread.jsx,services/api.js,/interactions,POST,"body: InteractionCreateRequest, db: Session=DB_SESSION_DEP, current_user: User=ANY_AUTH_USER_DEP",inline,FastAPI authenticated/role dependency; inspect handler,none found,missing,Expose submitTarget in the mobile ActivityThread flow,Cancel,,D:\Projects\sahajomy-platform\backend\app\api\v1\interactions.py:330
ActivityThread,Public / shared,POST /interactions/{id}/reaction,component/subflow,components/interactions/ActivityThread.jsx,services/api.js,/interactions/{id}/reaction,POST,"interaction_id: str, body: InteractionReactionRequest, db: Session=DB_SESSION_DEP, current_user: User=ANY_AUTH_USER_DEP",inline,FastAPI authenticated/role dependency; inspect handler,none found,missing,Expose post in the mobile ActivityThread flow,Cancel,,D:\Projects\sahajomy-platform\backend\app\api\v1\interactions.py:418
NotificationBell,Public / shared,res,component/subflow,components/notifications/NotificationBell.jsx,services/api.js,/notifications,GET,"current_user: User=Depends(get_current_user), db: Session=Depends(get_db), skip: int=0, limit: int=100",inline,FastAPI authenticated/role dependency; inspect handler,none found,missing,Expose res in the mobile NotificationBell flow,Mark all as read,,D:\Projects\sahajomy-platform\backend\app\api\v1\notifications.py:30
NotificationBell,Public / shared,markAsRead,component/subflow,components/notifications/NotificationBell.jsx,services/api.js,/notifications/{id}/read,PATCH,"notification_id: str, db: Session=Depends(get_db), current_user: User=Depends(get_current_user)",inline,FastAPI authenticated/role dependency; inspect handler,none found,missing,Expose markAsRead in the mobile NotificationBell flow,Mark all as read,,D:\Projects\sahajomy-platform\backend\app\api\v1\notifications.py:100
NotificationBell,Public / shared,markAllAsRead,component/subflow,components/notifications/NotificationBell.jsx,services/api.js,/notifications/mark-all-read,PUT,"db: Session=Depends(get_db), current_user: User=Depends(get_current_user)",inline,FastAPI authenticated/role dependency; inspect handler,none found,missing,Expose markAllAsRead in the mobile NotificationBell flow,Mark all as read,,D:\Projects\sahajomy-platform\backend\app\api\v1\notifications.py:109
CustomerTracker,Public / shared,fetchRecentShipments,component/subflow,components/tracking/CustomerTracker.jsx,services/api.js,/tracking/customer/sea-bookings,GET,"db: Session=DB_SESSION, current_user: User=CUSTOMER_USER",inline,FastAPI authenticated/role dependency; inspect handler,none found,missing,Expose fetchRecentShipments in the mobile CustomerTracker flow,,,D:\Projects\sahajomy-platform\backend\app\api\v1\tracking.py:178
CustomerTracker,Public / shared,fetchRecentShipments,component/subflow,components/tracking/CustomerTracker.jsx,services/api.js,/tracking/customer/bookings,GET,"db: Session=DB_SESSION, current_user: User=CUSTOMER_USER",inline,FastAPI authenticated/role dependency; inspect handler,API call exists without verified page/action parity,partially implemented,Expose fetchRecentShipments in the mobile CustomerTracker flow,,,D:\Projects\sahajomy-platform\backend\app\api\v1\tracking.py:204
SmartWarehouseOperations,Public / shared,refresh,component/subflow,components/warehouse/SmartWarehouseOperations.jsx,services/api.js,/cargo/warehouse-mobile/parcels,GET,"status: str | None=None, customer_id: UUID | None=None, db: Session=Depends(get_db), ctx: WorkspaceContext=Depends(require_permission('parcel.view'))",inline,parcel.view,none found,missing,Expose refresh in the mobile SmartWarehouseOperations flow,Assign | Start session | Verify load,,D:\Projects\sahajomy-platform\backend\app\api\v1\smartphone_warehouse.py:186
SmartWarehouseOperations,Public / shared,refresh,component/subflow,components/warehouse/SmartWarehouseOperations.jsx,services/api.js,/cargo/warehouse-mobile/customers,GET,"db: Session=Depends(get_db), ctx: WorkspaceContext=Depends(require_permission('parcel.view'))",inline,parcel.view,none found,missing,Expose refresh in the mobile SmartWarehouseOperations flow,Assign | Start session | Verify load,,D:\Projects\sahajomy-platform\backend\app\api\v1\smartphone_warehouse.py:156
SmartWarehouseOperations,Public / shared,scanParcel,component/subflow,components/warehouse/SmartWarehouseOperations.jsx,services/api.js,/cargo/warehouse-mobile/scan-events,POST,"body: ScanInput, db: Session=Depends(get_db), ctx: WorkspaceContext=Depends(require_permission('parcel.receive'))",inline,parcel.receive,none found,missing,Expose scanParcel in the mobile SmartWarehouseOperations flow,Assign | Start session | Verify load,,D:\Projects\sahajomy-platform\backend\app\api\v1\smartphone_warehouse.py:130
SmartWarehouseOperations,Public / shared,body,component/subflow,components/warehouse/SmartWarehouseOperations.jsx,services/api.js,/upload/product-image,POST,"file: UploadFile=File(...), batch_id: str=None, db: Session=Depends(get_db), current_user: User=Depends(get_sourcing_agent)",inline,FastAPI authenticated/role dependency; inspect handler,none found,missing,Expose body in the mobile SmartWarehouseOperations flow,Assign | Start session | Verify load,,D:\Projects\sahajomy-platform\backend\app\api\v1\upload.py:37
SmartWarehouseOperations,Public / shared,receive,component/subflow,components/warehouse/SmartWarehouseOperations.jsx,services/api.js,/cargo/warehouse-mobile/parcels,POST,"body: ParcelInput, db: Session=Depends(get_db), ctx: WorkspaceContext=Depends(require_permission('parcel.receive'))",inline,parcel.receive,none found,missing,Expose receive in the mobile SmartWarehouseOperations flow,Assign | Start session | Verify load,,D:\Projects\sahajomy-platform\backend\app\api\v1\smartphone_warehouse.py:163
SmartWarehouseOperations,Public / shared,linkBooking,component/subflow,components/warehouse/SmartWarehouseOperations.jsx,services/api.js,/cargo/warehouse-mobile/booking-selection,POST,"body: BookingSelection, db: Session=Depends(get_db), ctx: WorkspaceContext=Depends(require_permission('booking.manage'))",inline,booking.manage,none found,missing,Expose linkBooking in the mobile SmartWarehouseOperations flow,Assign | Start session | Verify load,,D:\Projects\sahajomy-platform\backend\app\api\v1\smartphone_warehouse.py:204
SmartWarehouseOperations,Public / shared,startLoading,component/subflow,components/warehouse/SmartWarehouseOperations.jsx,services/api.js,/cargo/warehouse-mobile/loading-sessions,POST,"body: LoadingStart, db: Session=Depends(get_db), ctx: WorkspaceContext=Depends(require_permission('shipment.update'))",inline,shipment.update,none found,missing,Expose startLoading in the mobile SmartWarehouseOperations flow,Assign | Start session | Verify load,,D:\Projects\sahajomy-platform\backend\app\api\v1\smartphone_warehouse.py:215
SmartWarehouseOperations,Public / shared,scanLoading,component/subflow,components/warehouse/SmartWarehouseOperations.jsx,services/api.js,/cargo/warehouse-mobile/loading-sessions/{id}/scan,POST,"session_id: UUID, body: LoadingCode, db: Session=Depends(get_db), ctx: WorkspaceContext=Depends(require_permission('shipment.update'))",inline,shipment.update,none found,missing,Expose scanLoading in the mobile SmartWarehouseOperations flow,Assign | Start session | Verify load,,D:\Projects\sahajomy-platform\backend\app\api\v1\smartphone_warehouse.py:222
CargoAdminDashboard,Cargo Company,response,/cargo/dashboard,pages/cargo_admin/CargoAdminDashboard.jsx,services/api.js,/cargo_admin/dashboard,GET,"db: Session=Depends(get_db), admin: User=Depends(get_cargo_admin)",inline,FastAPI authenticated/role dependency; inspect handler,API call exists without verified page/action parity,partially implemented,Expose response in the mobile CargoAdminDashboard flow,Retry,,D:\Projects\sahajomy-platform\backend\app\api\v1\cargo_admin\routes.py:4071
CargoAdminDashboard,Cargo Company,response,/cargo/dashboard,pages/cargo_admin/CargoAdminDashboard.jsx,services/api.js,/cargo_admin/activity-feed,GET,"entity_type: str=Query('all', description='all, container, seaBooking, booking, shipment_order'), cursor_ts: Optional[str]=Query(None, description='Pagination cursor timestamp (ISO8601)'), cursor_id: Optional[str]=Query(None, description='Pagination cursor event UUID'), limit: int=Query(20, ge=1, le=100), db: Session=Depends(get_db), current_user: User=Depends(get_cargo_admin)",inline,FastAPI authenticated/role dependency; inspect handler,API call exists without verified page/action parity,partially implemented,Expose response in the mobile CargoAdminDashboard flow,Retry,,D:\Projects\sahajomy-platform\backend\app\api\v1\cargo_admin\routes.py:5582
Containers,Cargo Company,res,/cargo/containers | /cargo/containers/new,pages/cargo_admin/Containers.jsx,services/api.js,/cargo_admin/containers,GET,"status: Optional[str]=None, warehouse_id: Optional[str]=None, include_archived: bool=Query(False), db: Session=Depends(get_db), admin: User=Depends(get_cargo_admin)",inline,FastAPI authenticated/role dependency; inspect handler,API call and route exist; interaction/state parity requires verification,partially implemented,Expose res in the mobile Containers flow,"Create | handleCollect(r.id)} className=""text-xs px-3 py-1.5 bg-brand text-white rounded hover:bg-brand-dark"">Mark Collected | handleConfirmPayment(r.id)} className=""text-xs px-3 py-1.5 bg-success text-white rounded hover:opacity-90"">Confirm Payment | handleHold(r.id)} className=""text-xs px-3 py-1.5 bg-danger-soft text-danger rounded hover:bg-danger-soft border border-danger"">Hold Goods | handleRelease(r.id)} className=""text-xs px-3 py-1.5 bg-accent text-white rounded hover:bg-accent-dark"">Release | setShowCreate(false)} className=""app-button-secondary tap-button px-6 py-2"">Cancel | setShowCreate(true)} className=""app-button-primary tap-button px-4 py-2 font-medium"">
            + New Container",,D:\Projects\sahajomy-platform\backend\app\api\v1\cargo_admin\routes.py:961
Containers,Cargo Company,res,/cargo/containers | /cargo/containers/new,pages/cargo_admin/Containers.jsx,services/api.js,/cargo_admin/warehouses,GET,"db: Session=Depends(get_db), admin: User=Depends(get_cargo_admin)",List[WarehouseResponse],FastAPI authenticated/role dependency; inspect handler,API call and route exist; interaction/state parity requires verification,partially implemented,Expose res in the mobile Containers flow,"Create | handleCollect(r.id)} className=""text-xs px-3 py-1.5 bg-brand text-white rounded hover:bg-brand-dark"">Mark Collected | handleConfirmPayment(r.id)} className=""text-xs px-3 py-1.5 bg-success text-white rounded hover:opacity-90"">Confirm Payment | handleHold(r.id)} className=""text-xs px-3 py-1.5 bg-danger-soft text-danger rounded hover:bg-danger-soft border border-danger"">Hold Goods | handleRelease(r.id)} className=""text-xs px-3 py-1.5 bg-accent text-white rounded hover:bg-accent-dark"">Release | setShowCreate(false)} className=""app-button-secondary tap-button px-6 py-2"">Cancel | setShowCreate(true)} className=""app-button-primary tap-button px-4 py-2 font-medium"">
            + New Container",,D:\Projects\sahajomy-platform\backend\app\api\v1\cargo_admin\routes.py:658
Containers,Cargo Company,res,/cargo/containers | /cargo/containers/new,pages/cargo_admin/Containers.jsx,services/api.js,/cargo_admin/containers/{id}/seaBookings,GET,"container_id: str, db: Session=Depends(get_db), admin: User=Depends(get_cargo_admin)",inline,FastAPI authenticated/role dependency; inspect handler,none found,missing,Expose res in the mobile Containers flow,"Create | handleCollect(r.id)} className=""text-xs px-3 py-1.5 bg-brand text-white rounded hover:bg-brand-dark"">Mark Collected | handleConfirmPayment(r.id)} className=""text-xs px-3 py-1.5 bg-success text-white rounded hover:opacity-90"">Confirm Payment | handleHold(r.id)} className=""text-xs px-3 py-1.5 bg-danger-soft text-danger rounded hover:bg-danger-soft border border-danger"">Hold Goods | handleRelease(r.id)} className=""text-xs px-3 py-1.5 bg-accent text-white rounded hover:bg-accent-dark"">Release | setShowCreate(false)} className=""app-button-secondary tap-button px-6 py-2"">Cancel | setShowCreate(true)} className=""app-button-primary tap-button px-4 py-2 font-medium"">
            + New Container",,D:\Projects\sahajomy-platform\backend\app\api\v1\cargo_admin\routes.py:1461
Containers,Cargo Company,response,/cargo/containers | /cargo/containers/new,pages/cargo_admin/Containers.jsx,services/api.js,/cargo_admin/containers/{id}/schedule,PATCH,"container_id: str, body: ContainerScheduleUpdate, db: Session=Depends(get_db), admin: User=Depends(get_cargo_admin)",inline,FastAPI authenticated/role dependency; inspect handler,API call and route exist; interaction/state parity requires verification,partially implemented,Expose response in the mobile Containers flow,"Create | handleCollect(r.id)} className=""text-xs px-3 py-1.5 bg-brand text-white rounded hover:bg-brand-dark"">Mark Collected | handleConfirmPayment(r.id)} className=""text-xs px-3 py-1.5 bg-success text-white rounded hover:opacity-90"">Confirm Payment | handleHold(r.id)} className=""text-xs px-3 py-1.5 bg-danger-soft text-danger rounded hover:bg-danger-soft border border-danger"">Hold Goods | handleRelease(r.id)} className=""text-xs px-3 py-1.5 bg-accent text-white rounded hover:bg-accent-dark"">Release | setShowCreate(false)} className=""app-button-secondary tap-button px-6 py-2"">Cancel | setShowCreate(true)} className=""app-button-primary tap-button px-4 py-2 font-medium"">
            + New Container",,D:\Projects\sahajomy-platform\backend\app\api\v1\cargo_admin\routes.py:1208
Containers,Cargo Company,handleCreate,/cargo/containers | /cargo/containers/new,pages/cargo_admin/Containers.jsx,services/api.js,/cargo_admin/containers,POST,"body: ContainerCreate, db: Session=Depends(get_db), admin: User=Depends(get_cargo_admin)",inline,FastAPI authenticated/role dependency; inspect handler,API call and route exist; interaction/state parity requires verification,partially implemented,Expose handleCreate in the mobile Containers flow,"Create | handleCollect(r.id)} className=""text-xs px-3 py-1.5 bg-brand text-white rounded hover:bg-brand-dark"">Mark Collected | handleConfirmPayment(r.id)} className=""text-xs px-3 py-1.5 bg-success text-white rounded hover:opacity-90"">Confirm Payment | handleHold(r.id)} className=""text-xs px-3 py-1.5 bg-danger-soft text-danger rounded hover:bg-danger-soft border border-danger"">Hold Goods | handleRelease(r.id)} className=""text-xs px-3 py-1.5 bg-accent text-white rounded hover:bg-accent-dark"">Release | setShowCreate(false)} className=""app-button-secondary tap-button px-6 py-2"">Cancel | setShowCreate(true)} className=""app-button-primary tap-button px-4 py-2 font-medium"">
            + New Container",,D:\Projects\sahajomy-platform\backend\app\api\v1\cargo_admin\routes.py:1070
Containers,Cargo Company,handleStatusUpdate,/cargo/containers | /cargo/containers/new,pages/cargo_admin/Containers.jsx,services/api.js,/cargo_admin/containers/{id}/status,PATCH,"container_id: str, body: ContainerStatusUpdate, db: Session=Depends(get_db), admin: User=Depends(get_cargo_admin)",inline,FastAPI authenticated/role dependency; inspect handler,API call and route exist; interaction/state parity requires verification,partially implemented,Expose handleStatusUpdate in the mobile Containers flow,"Create | handleCollect(r.id)} className=""text-xs px-3 py-1.5 bg-brand text-white rounded hover:bg-brand-dark"">Mark Collected | handleConfirmPayment(r.id)} className=""text-xs px-3 py-1.5 bg-success text-white rounded hover:opacity-90"">Confirm Payment | handleHold(r.id)} className=""text-xs px-3 py-1.5 bg-danger-soft text-danger rounded hover:bg-danger-soft border border-danger"">Hold Goods | handleRelease(r.id)} className=""text-xs px-3 py-1.5 bg-accent text-white rounded hover:bg-accent-dark"">Release | setShowCreate(false)} className=""app-button-secondary tap-button px-6 py-2"">Cancel | setShowCreate(true)} className=""app-button-primary tap-button px-4 py-2 font-medium"">
            + New Container",,D:\Projects\sahajomy-platform\backend\app\api\v1\cargo_admin\routes.py:1138
Containers,Cargo Company,reason,/cargo/containers | /cargo/containers/new,pages/cargo_admin/Containers.jsx,services/api.js,/cargo_admin/sea-bookings/{id}/hold,POST,"sea_booking_id: str, body: HoldGoodsRequest, db: Session=Depends(get_db), admin: User=Depends(get_cargo_admin)",inline,FastAPI authenticated/role dependency; inspect handler,API call and route exist; interaction/state parity requires verification,partially implemented,Expose reason in the mobile Containers flow,"Create | handleCollect(r.id)} className=""text-xs px-3 py-1.5 bg-brand text-white rounded hover:bg-brand-dark"">Mark Collected | handleConfirmPayment(r.id)} className=""text-xs px-3 py-1.5 bg-success text-white rounded hover:opacity-90"">Confirm Payment | handleHold(r.id)} className=""text-xs px-3 py-1.5 bg-danger-soft text-danger rounded hover:bg-danger-soft border border-danger"">Hold Goods | handleRelease(r.id)} className=""text-xs px-3 py-1.5 bg-accent text-white rounded hover:bg-accent-dark"">Release | setShowCreate(false)} className=""app-button-secondary tap-button px-6 py-2"">Cancel | setShowCreate(true)} className=""app-button-primary tap-button px-4 py-2 font-medium"">
            + New Container",,D:\Projects\sahajomy-platform\backend\app\api\v1\cargo_admin\routes.py:1524
Containers,Cargo Company,handleRelease,/cargo/containers | /cargo/containers/new,pages/cargo_admin/Containers.jsx,services/api.js,/cargo_admin/sea-bookings/{id}/release,POST,"sea_booking_id: str, body: ReleaseGoodsRequest, db: Session=Depends(get_db), admin: User=Depends(get_cargo_admin)",inline,FastAPI authenticated/role dependency; inspect handler,API call and route exist; interaction/state parity requires verification,partially implemented,Expose handleRelease in the mobile Containers flow,"Create | handleCollect(r.id)} className=""text-xs px-3 py-1.5 bg-brand text-white rounded hover:bg-brand-dark"">Mark Collected | handleConfirmPayment(r.id)} className=""text-xs px-3 py-1.5 bg-success text-white rounded hover:opacity-90"">Confirm Payment | handleHold(r.id)} className=""text-xs px-3 py-1.5 bg-danger-soft text-danger rounded hover:bg-danger-soft border border-danger"">Hold Goods | handleRelease(r.id)} className=""text-xs px-3 py-1.5 bg-accent text-white rounded hover:bg-accent-dark"">Release | setShowCreate(false)} className=""app-button-secondary tap-button px-6 py-2"">Cancel | setShowCreate(true)} className=""app-button-primary tap-button px-4 py-2 font-medium"">
            + New Container",,D:\Projects\sahajomy-platform\backend\app\api\v1\cargo_admin\routes.py:1570
Containers,Cargo Company,handleCollect,/cargo/containers | /cargo/containers/new,pages/cargo_admin/Containers.jsx,services/api.js,/cargo_admin/sea-bookings/{id}/collect,POST,"sea_booking_id: str, body: MarkCollectedRequest, db: Session=Depends(get_db), admin: User=Depends(get_cargo_admin)",inline,FastAPI authenticated/role dependency; inspect handler,API call and route exist; interaction/state parity requires verification,partially implemented,Expose handleCollect in the mobile Containers flow,"Create | handleCollect(r.id)} className=""text-xs px-3 py-1.5 bg-brand text-white rounded hover:bg-brand-dark"">Mark Collected | handleConfirmPayment(r.id)} className=""text-xs px-3 py-1.5 bg-success text-white rounded hover:opacity-90"">Confirm Payment | handleHold(r.id)} className=""text-xs px-3 py-1.5 bg-danger-soft text-danger rounded hover:bg-danger-soft border border-danger"">Hold Goods | handleRelease(r.id)} className=""text-xs px-3 py-1.5 bg-accent text-white rounded hover:bg-accent-dark"">Release | setShowCreate(false)} className=""app-button-secondary tap-button px-6 py-2"">Cancel | setShowCreate(true)} className=""app-button-primary tap-button px-4 py-2 font-medium"">
            + New Container",,D:\Projects\sahajomy-platform\backend\app\api\v1\cargo_admin\routes.py:2423
Containers,Cargo Company,response,/cargo/containers | /cargo/containers/new,pages/cargo_admin/Containers.jsx,services/api.js,/cargo_admin/containers/{id}/archive,PATCH,"container_id: str, body: ContainerArchiveRequest, db: Session=Depends(get_db), admin: User=Depends(get_cargo_admin)",inline,FastAPI authenticated/role dependency; inspect handler,none found,missing,Expose response in the mobile Containers flow,"Create | handleCollect(r.id)} className=""text-xs px-3 py-1.5 bg-brand text-white rounded hover:bg-brand-dark"">Mark Collected | handleConfirmPayment(r.id)} className=""text-xs px-3 py-1.5 bg-success text-white rounded hover:opacity-90"">Confirm Payment | handleHold(r.id)} className=""text-xs px-3 py-1.5 bg-danger-soft text-danger rounded hover:bg-danger-soft border border-danger"">Hold Goods | handleRelease(r.id)} className=""text-xs px-3 py-1.5 bg-accent text-white rounded hover:bg-accent-dark"">Release | setShowCreate(false)} className=""app-button-secondary tap-button px-6 py-2"">Cancel | setShowCreate(true)} className=""app-button-primary tap-button px-4 py-2 font-medium"">
            + New Container",,D:\Projects\sahajomy-platform\backend\app\api\v1\cargo_admin\routes.py:1341
Containers,Cargo Company,handleConfirmPayment,/cargo/containers | /cargo/containers/new,pages/cargo_admin/Containers.jsx,services/api.js,/cargo_admin/sea-bookings/{id}/confirm-payment,POST,"sea_booking_id: str, db: Session=Depends(get_db), admin: User=Depends(get_cargo_admin)",inline,FastAPI authenticated/role dependency; inspect handler,API call and route exist; interaction/state parity requires verification,partially implemented,Expose handleConfirmPayment in the mobile Containers flow,"Create | handleCollect(r.id)} className=""text-xs px-3 py-1.5 bg-brand text-white rounded hover:bg-brand-dark"">Mark Collected | handleConfirmPayment(r.id)} className=""text-xs px-3 py-1.5 bg-success text-white rounded hover:opacity-90"">Confirm Payment | handleHold(r.id)} className=""text-xs px-3 py-1.5 bg-danger-soft text-danger rounded hover:bg-danger-soft border border-danger"">Hold Goods | handleRelease(r.id)} className=""text-xs px-3 py-1.5 bg-accent text-white rounded hover:bg-accent-dark"">Release | setShowCreate(false)} className=""app-button-secondary tap-button px-6 py-2"">Cancel | setShowCreate(true)} className=""app-button-primary tap-button px-4 py-2 font-medium"">
            + New Container",,D:\Projects\sahajomy-platform\backend\app\api\v1\cargo_admin\routes.py:2494
Containers,Cargo Company,generated,/cargo/containers | /cargo/containers/new,pages/cargo_admin/Containers.jsx,services/api.js,/cargo_admin/containers/{id}/consolidated-packing-list/generate,POST,"container_id: str, db: Session=Depends(get_db), admin: User=Depends(get_cargo_admin)",inline,FastAPI authenticated/role dependency; inspect handler,none found,missing,Expose generated in the mobile Containers flow,"Create | handleCollect(r.id)} className=""text-xs px-3 py-1.5 bg-brand text-white rounded hover:bg-brand-dark"">Mark Collected | handleConfirmPayment(r.id)} className=""text-xs px-3 py-1.5 bg-success text-white rounded hover:opacity-90"">Confirm Payment | handleHold(r.id)} className=""text-xs px-3 py-1.5 bg-danger-soft text-danger rounded hover:bg-danger-soft border border-danger"">Hold Goods | handleRelease(r.id)} className=""text-xs px-3 py-1.5 bg-accent text-white rounded hover:bg-accent-dark"">Release | setShowCreate(false)} className=""app-button-secondary tap-button px-6 py-2"">Cancel | setShowCreate(true)} className=""app-button-primary tap-button px-4 py-2 font-medium"">
            + New Container",,D:\Projects\sahajomy-platform\backend\app\api\v1\cargo_admin\routes.py:2295
Customers,Cargo Company,response,component/subflow,pages/cargo_admin/Customers.jsx,services/api.js,/cargo_admin/customers,GET,"search: Optional[str]=None, status: Optional[Literal['active', 'inactive']]=None, db: Session=Depends(get_db), admin: User=Depends(get_cargo_admin)",inline,FastAPI authenticated/role dependency; inspect handler,API call exists without verified page/action parity,partially implemented,Expose response in the mobile Customers flow,"setOpen(false)} className=""app-button-secondary px-4 py-2"">Cancel | setOpen(false)} className=""p-1 text-muted"">",,D:\Projects\sahajomy-platform\backend\app\api\v1\cargo_admin\customs.py:352
Customers,Cargo Company,duplicateResponse,component/subflow,pages/cargo_admin/Customers.jsx,services/api.js,/cargo_admin/customers/duplicates,POST,"body: CustomerInput, db: Session=Depends(get_db), admin: User=Depends(get_cargo_admin)",inline,FastAPI authenticated/role dependency; inspect handler,none found,missing,Expose duplicateResponse in the mobile Customers flow,"setOpen(false)} className=""app-button-secondary px-4 py-2"">Cancel | setOpen(false)} className=""p-1 text-muted"">",,D:\Projects\sahajomy-platform\backend\app\api\v1\cargo_admin\customs.py:367
Customers,Cargo Company,matches,component/subflow,pages/cargo_admin/Customers.jsx,services/api.js,/cargo_admin/customers,POST,"body: CustomerInput, db: Session=Depends(get_db), admin: User=Depends(get_cargo_admin)",inline,FastAPI authenticated/role dependency; inspect handler,none found,missing,Expose matches in the mobile Customers flow,"setOpen(false)} className=""app-button-secondary px-4 py-2"">Cancel | setOpen(false)} className=""p-1 text-muted"">",,D:\Projects\sahajomy-platform\backend\app\api\v1\cargo_admin\customs.py:372
CustomsPackingLists,Cargo Company,load,component/subflow,pages/cargo_admin/CustomsPackingLists.jsx,services/api.js,/cargo_admin/customs-packing-lists,GET,"status: Optional[Literal['draft', 'finalized', 'cancelled']]=None, search: Optional[str]=None, db: Session=Depends(get_db), admin: User=Depends(get_cargo_admin)",inline,FastAPI authenticated/role dependency; inspect handler,API call exists without verified page/action parity,partially implemented,Expose load in the mobile CustomsPackingLists flow,"Load available source items | New ListNew | finalize(row.id)} className=""text-xs font-medium text-ink hover:underline"">Finalize | finalize(row.id)} className=""text-xs font-semibold text-ink"">Finalize | previewPdf(row.id)} className=""inline-flex items-center gap-1 text-xs font-semibold text-accent"">PDF | previewPdf(row.id)} className=""mr-3 inline-flex items-center gap-1 text-xs text-accent hover:underline"">PDF | setEditorOpen(false)} className=""app-button-secondary px-4 py-2"">Cancel | setEditorOpen(false)} className=""p-1 text-muted""> | update(""items"", form.items.filter((_, itemIndex) => itemIndex !== index))} className=""self-end text-xs text-danger hover:underline"">Remove",,D:\Projects\sahajomy-platform\backend\app\api\v1\cargo_admin\customs.py:902
CustomsPackingLists,Cargo Company,load,component/subflow,pages/cargo_admin/CustomsPackingLists.jsx,services/api.js,/cargo_admin/customs-packing-lists/lookups,GET,"db: Session=Depends(get_db), admin: User=Depends(get_cargo_admin)",inline,FastAPI authenticated/role dependency; inspect handler,none found,missing,Expose load in the mobile CustomsPackingLists flow,"Load available source items | New ListNew | finalize(row.id)} className=""text-xs font-medium text-ink hover:underline"">Finalize | finalize(row.id)} className=""text-xs font-semibold text-ink"">Finalize | previewPdf(row.id)} className=""inline-flex items-center gap-1 text-xs font-semibold text-accent"">PDF | previewPdf(row.id)} className=""mr-3 inline-flex items-center gap-1 text-xs text-accent hover:underline"">PDF | setEditorOpen(false)} className=""app-button-secondary px-4 py-2"">Cancel | setEditorOpen(false)} className=""p-1 text-muted""> | update(""items"", form.items.filter((_, itemIndex) => itemIndex !== index))} className=""self-end text-xs text-danger hover:underline"">Remove",,D:\Projects\sahajomy-platform\backend\app\api\v1\cargo_admin\customs.py:891
CustomsPackingLists,Cargo Company,response,component/subflow,pages/cargo_admin/CustomsPackingLists.jsx,services/api.js,/cargo_admin/packing-list-item-photo,POST,"file: UploadFile=File(...), admin: User=Depends(get_cargo_admin)",inline,FastAPI authenticated/role dependency; inspect handler,none found,missing,Expose response in the mobile CustomsPackingLists flow,"Load available source items | New ListNew | finalize(row.id)} className=""text-xs font-medium text-ink hover:underline"">Finalize | finalize(row.id)} className=""text-xs font-semibold text-ink"">Finalize | previewPdf(row.id)} className=""inline-flex items-center gap-1 text-xs font-semibold text-accent"">PDF | previewPdf(row.id)} className=""mr-3 inline-flex items-center gap-1 text-xs text-accent hover:underline"">PDF | setEditorOpen(false)} className=""app-button-secondary px-4 py-2"">Cancel | setEditorOpen(false)} className=""p-1 text-muted""> | update(""items"", form.items.filter((_, itemIndex) => itemIndex !== index))} className=""self-end text-xs text-danger hover:underline"">Remove",,D:\Projects\sahajomy-platform\backend\app\api\v1\cargo_admin\customs.py:328
CustomsPackingLists,Cargo Company,submit,component/subflow,pages/cargo_admin/CustomsPackingLists.jsx,services/api.js,/cargo_admin/customs-packing-lists,POST,"body: CustomsPackingListInput, db: Session=Depends(get_db), admin: User=Depends(get_cargo_admin)",inline,FastAPI authenticated/role dependency; inspect handler,none found,missing,Expose submit in the mobile CustomsPackingLists flow,"Load available source items | New ListNew | finalize(row.id)} className=""text-xs font-medium text-ink hover:underline"">Finalize | finalize(row.id)} className=""text-xs font-semibold text-ink"">Finalize | previewPdf(row.id)} className=""inline-flex items-center gap-1 text-xs font-semibold text-accent"">PDF | previewPdf(row.id)} className=""mr-3 inline-flex items-center gap-1 text-xs text-accent hover:underline"">PDF | setEditorOpen(false)} className=""app-button-secondary px-4 py-2"">Cancel | setEditorOpen(false)} className=""p-1 text-muted""> | update(""items"", form.items.filter((_, itemIndex) => itemIndex !== index))} className=""self-end text-xs text-danger hover:underline"">Remove",,D:\Projects\sahajomy-platform\backend\app\api\v1\cargo_admin\customs.py:940
CustomsPackingLists,Cargo Company,response,component/subflow,pages/cargo_admin/CustomsPackingLists.jsx,services/api.js,/cargo_admin/customs-packing-lists/prefill,POST,"body: CustomsPackingListInput, db: Session=Depends(get_db), admin: User=Depends(get_cargo_admin)",inline,FastAPI authenticated/role dependency; inspect handler,none found,missing,Expose response in the mobile CustomsPackingLists flow,"Load available source items | New ListNew | finalize(row.id)} className=""text-xs font-medium text-ink hover:underline"">Finalize | finalize(row.id)} className=""text-xs font-semibold text-ink"">Finalize | previewPdf(row.id)} className=""inline-flex items-center gap-1 text-xs font-semibold text-accent"">PDF | previewPdf(row.id)} className=""mr-3 inline-flex items-center gap-1 text-xs text-accent hover:underline"">PDF | setEditorOpen(false)} className=""app-button-secondary px-4 py-2"">Cancel | setEditorOpen(false)} className=""p-1 text-muted""> | update(""items"", form.items.filter((_, itemIndex) => itemIndex !== index))} className=""self-end text-xs text-danger hover:underline"">Remove",,D:\Projects\sahajomy-platform\backend\app\api\v1\cargo_admin\customs.py:910
CustomsPackingLists,Cargo Company,finalize,component/subflow,pages/cargo_admin/CustomsPackingLists.jsx,services/api.js,/cargo_admin/customs-packing-lists/{id}/finalize,POST,"packing_list_id: str, db: Session=Depends(get_db), admin: User=Depends(get_cargo_admin)",inline,FastAPI authenticated/role dependency; inspect handler,API call exists without verified page/action parity,partially implemented,Expose finalize in the mobile CustomsPackingLists flow,"Load available source items | New ListNew | finalize(row.id)} className=""text-xs font-medium text-ink hover:underline"">Finalize | finalize(row.id)} className=""text-xs font-semibold text-ink"">Finalize | previewPdf(row.id)} className=""inline-flex items-center gap-1 text-xs font-semibold text-accent"">PDF | previewPdf(row.id)} className=""mr-3 inline-flex items-center gap-1 text-xs text-accent hover:underline"">PDF | setEditorOpen(false)} className=""app-button-secondary px-4 py-2"">Cancel | setEditorOpen(false)} className=""p-1 text-muted""> | update(""items"", form.items.filter((_, itemIndex) => itemIndex !== index))} className=""self-end text-xs text-danger hover:underline"">Remove",,D:\Projects\sahajomy-platform\backend\app\api\v1\cargo_admin\customs.py:977
ExpressAirCargo,Cargo Company,res,/cargo/express-air-cargo,pages/cargo_admin/ExpressAirCargo.jsx,services/api.js,/cargo_admin/express-air-cargo/bookings,GET,"status: Optional[str]=Query(None), db: Session=Depends(get_db), admin: User=Depends(get_cargo_admin)",inline,FastAPI authenticated/role dependency; inspect handler,API call exists without verified page/action parity,partially implemented,Expose res in the mobile ExpressAirCargo flow,"Cancel | Cancel edit | Import supplied 2026 card | Refresh rates | Refresh schedule | deactivateRate(rate.id)} className=""text-xs font-semibold text-danger"">Deactivate | deactivateRate(rate.id)} className=""text-xs text-danger"">Deactivate | editRate(rate)} className=""text-xs font-semibold text-accent"">Edit | editRate(rate)} className=""text-xs text-accent mr-3"">Edit | editSchedule(schedule)} className=""shrink-0 text-xs font-semibold text-accent"">Edit | editSchedule(schedule)} className=""text-xs text-accent"">Edit",,D:\Projects\sahajomy-platform\backend\app\api\v1\cargo_admin\routes.py:4699
ExpressAirCargo,Cargo Company,loadPricing,/cargo/express-air-cargo,pages/cargo_admin/ExpressAirCargo.jsx,services/api.js,/cargo_admin/air-cargo-rates,GET,"include_inactive: bool=False, db: Session=Depends(get_db), admin: User=Depends(get_cargo_admin)",inline,FastAPI authenticated/role dependency; inspect handler,none found,missing,Expose loadPricing in the mobile ExpressAirCargo flow,"Cancel | Cancel edit | Import supplied 2026 card | Refresh rates | Refresh schedule | deactivateRate(rate.id)} className=""text-xs font-semibold text-danger"">Deactivate | deactivateRate(rate.id)} className=""text-xs text-danger"">Deactivate | editRate(rate)} className=""text-xs font-semibold text-accent"">Edit | editRate(rate)} className=""text-xs text-accent mr-3"">Edit | editSchedule(schedule)} className=""shrink-0 text-xs font-semibold text-accent"">Edit | editSchedule(schedule)} className=""text-xs text-accent"">Edit",,D:\Projects\sahajomy-platform\backend\app\api\v1\air_cargo_pricing.py:143
ExpressAirCargo,Cargo Company,loadPricing,/cargo/express-air-cargo,pages/cargo_admin/ExpressAirCargo.jsx,services/api.js,/cargo_admin/air-cargo-rates/goods-types,GET,"db: Session=Depends(get_db), admin: User=Depends(get_cargo_admin)",inline,FastAPI authenticated/role dependency; inspect handler,none found,missing,Expose loadPricing in the mobile ExpressAirCargo flow,"Cancel | Cancel edit | Import supplied 2026 card | Refresh rates | Refresh schedule | deactivateRate(rate.id)} className=""text-xs font-semibold text-danger"">Deactivate | deactivateRate(rate.id)} className=""text-xs text-danger"">Deactivate | editRate(rate)} className=""text-xs font-semibold text-accent"">Edit | editRate(rate)} className=""text-xs text-accent mr-3"">Edit | editSchedule(schedule)} className=""shrink-0 text-xs font-semibold text-accent"">Edit | editSchedule(schedule)} className=""text-xs text-accent"">Edit",,D:\Projects\sahajomy-platform\backend\app\api\v1\air_cargo_pricing.py:135
ExpressAirCargo,Cargo Company,loadSchedules,/cargo/express-air-cargo,pages/cargo_admin/ExpressAirCargo.jsx,services/api.js,/cargo_admin/air-departure-schedules,GET,"db: Session=Depends(get_db), admin: User=Depends(get_cargo_admin)",inline,FastAPI authenticated/role dependency; inspect handler,API call exists without verified page/action parity,partially implemented,Expose loadSchedules in the mobile ExpressAirCargo flow,"Cancel | Cancel edit | Import supplied 2026 card | Refresh rates | Refresh schedule | deactivateRate(rate.id)} className=""text-xs font-semibold text-danger"">Deactivate | deactivateRate(rate.id)} className=""text-xs text-danger"">Deactivate | editRate(rate)} className=""text-xs font-semibold text-accent"">Edit | editRate(rate)} className=""text-xs text-accent mr-3"">Edit | editSchedule(schedule)} className=""shrink-0 text-xs font-semibold text-accent"">Edit | editSchedule(schedule)} className=""text-xs text-accent"">Edit",,D:\Projects\sahajomy-platform\backend\app\api\v1\cargo_admin\routes.py:4591
ExpressAirCargo,Cargo Company,PATCH /cargo_admin/air-departure-schedules/{id},/cargo/express-air-cargo,pages/cargo_admin/ExpressAirCargo.jsx,services/api.js,/cargo_admin/air-departure-schedules/{id},PATCH,"schedule_id: str, body: AirDepartureScheduleUpdate, db: Session=Depends(get_db), admin: User=Depends(get_cargo_admin)",inline,FastAPI authenticated/role dependency; inspect handler,API call exists without verified page/action parity,partially implemented,Expose patch in the mobile ExpressAirCargo flow,"Cancel | Cancel edit | Import supplied 2026 card | Refresh rates | Refresh schedule | deactivateRate(rate.id)} className=""text-xs font-semibold text-danger"">Deactivate | deactivateRate(rate.id)} className=""text-xs text-danger"">Deactivate | editRate(rate)} className=""text-xs font-semibold text-accent"">Edit | editRate(rate)} className=""text-xs text-accent mr-3"">Edit | editSchedule(schedule)} className=""shrink-0 text-xs font-semibold text-accent"">Edit | editSchedule(schedule)} className=""text-xs text-accent"">Edit",,D:\Projects\sahajomy-platform\backend\app\api\v1\cargo_admin\routes.py:4641
ExpressAirCargo,Cargo Company,POST /cargo_admin/air-departure-schedules,/cargo/express-air-cargo,pages/cargo_admin/ExpressAirCargo.jsx,services/api.js,/cargo_admin/air-departure-schedules,POST,"body: AirDepartureScheduleCreate, db: Session=Depends(get_db), admin: User=Depends(get_cargo_admin)",inline,FastAPI authenticated/role dependency; inspect handler,API call exists without verified page/action parity,partially implemented,Expose post in the mobile ExpressAirCargo flow,"Cancel | Cancel edit | Import supplied 2026 card | Refresh rates | Refresh schedule | deactivateRate(rate.id)} className=""text-xs font-semibold text-danger"">Deactivate | deactivateRate(rate.id)} className=""text-xs text-danger"">Deactivate | editRate(rate)} className=""text-xs font-semibold text-accent"">Edit | editRate(rate)} className=""text-xs text-accent mr-3"">Edit | editSchedule(schedule)} className=""shrink-0 text-xs font-semibold text-accent"">Edit | editSchedule(schedule)} className=""text-xs text-accent"">Edit",,D:\Projects\sahajomy-platform\backend\app\api\v1\cargo_admin\routes.py:4606
ExpressAirCargo,Cargo Company,payload,/cargo/express-air-cargo,pages/cargo_admin/ExpressAirCargo.jsx,services/api.js,/cargo_admin/air-cargo-rates/{id},PATCH,"rate_id: str, body: AirCargoRateUpdate, db: Session=Depends(get_db), admin: User=Depends(get_cargo_admin)",inline,FastAPI authenticated/role dependency; inspect handler,none found,missing,Expose payload in the mobile ExpressAirCargo flow,"Cancel | Cancel edit | Import supplied 2026 card | Refresh rates | Refresh schedule | deactivateRate(rate.id)} className=""text-xs font-semibold text-danger"">Deactivate | deactivateRate(rate.id)} className=""text-xs text-danger"">Deactivate | editRate(rate)} className=""text-xs font-semibold text-accent"">Edit | editRate(rate)} className=""text-xs text-accent mr-3"">Edit | editSchedule(schedule)} className=""shrink-0 text-xs font-semibold text-accent"">Edit | editSchedule(schedule)} className=""text-xs text-accent"">Edit",,D:\Projects\sahajomy-platform\backend\app\api\v1\air_cargo_pricing.py:194
ExpressAirCargo,Cargo Company,POST /cargo_admin/air-cargo-rates,/cargo/express-air-cargo,pages/cargo_admin/ExpressAirCargo.jsx,services/api.js,/cargo_admin/air-cargo-rates,POST,"body: AirCargoRatePayload, db: Session=Depends(get_db), admin: User=Depends(get_cargo_admin)",inline,FastAPI authenticated/role dependency; inspect handler,none found,missing,Expose post in the mobile ExpressAirCargo flow,"Cancel | Cancel edit | Import supplied 2026 card | Refresh rates | Refresh schedule | deactivateRate(rate.id)} className=""text-xs font-semibold text-danger"">Deactivate | deactivateRate(rate.id)} className=""text-xs text-danger"">Deactivate | editRate(rate)} className=""text-xs font-semibold text-accent"">Edit | editRate(rate)} className=""text-xs text-accent mr-3"">Edit | editSchedule(schedule)} className=""shrink-0 text-xs font-semibold text-accent"">Edit | editSchedule(schedule)} className=""text-xs text-accent"">Edit",,D:\Projects\sahajomy-platform\backend\app\api\v1\air_cargo_pricing.py:159
ExpressAirCargo,Cargo Company,deactivateRate,/cargo/express-air-cargo,pages/cargo_admin/ExpressAirCargo.jsx,services/api.js,/cargo_admin/air-cargo-rates/{id},DELETE,"rate_id: str, db: Session=Depends(get_db), admin: User=Depends(get_cargo_admin)",inline,FastAPI authenticated/role dependency; inspect handler,none found,missing,Expose deactivateRate in the mobile ExpressAirCargo flow,"Cancel | Cancel edit | Import supplied 2026 card | Refresh rates | Refresh schedule | deactivateRate(rate.id)} className=""text-xs font-semibold text-danger"">Deactivate | deactivateRate(rate.id)} className=""text-xs text-danger"">Deactivate | editRate(rate)} className=""text-xs font-semibold text-accent"">Edit | editRate(rate)} className=""text-xs text-accent mr-3"">Edit | editSchedule(schedule)} className=""shrink-0 text-xs font-semibold text-accent"">Edit | editSchedule(schedule)} className=""text-xs text-accent"">Edit",,D:\Projects\sahajomy-platform\backend\app\api\v1\air_cargo_pricing.py:229
ExpressAirCargo,Cargo Company,response,/cargo/express-air-cargo,pages/cargo_admin/ExpressAirCargo.jsx,services/api.js,/cargo_admin/air-cargo-rates/import-2026-card,POST,"db: Session=Depends(get_db), admin: User=Depends(get_cargo_admin)",inline,FastAPI authenticated/role dependency; inspect handler,none found,missing,Expose response in the mobile ExpressAirCargo flow,"Cancel | Cancel edit | Import supplied 2026 card | Refresh rates | Refresh schedule | deactivateRate(rate.id)} className=""text-xs font-semibold text-danger"">Deactivate | deactivateRate(rate.id)} className=""text-xs text-danger"">Deactivate | editRate(rate)} className=""text-xs font-semibold text-accent"">Edit | editRate(rate)} className=""text-xs text-accent mr-3"">Edit | editSchedule(schedule)} className=""shrink-0 text-xs font-semibold text-accent"">Edit | editSchedule(schedule)} className=""text-xs text-accent"">Edit",,D:\Projects\sahajomy-platform\backend\app\api\v1\air_cargo_pricing.py:245
ExpressAirCargo,Cargo Company,input,/cargo/express-air-cargo,pages/cargo_admin/ExpressAirCargo.jsx,services/api.js,/cargo_admin/express-air-cargo/{id}/status,PATCH,"booking_id: str, body: AirCargoBookingStatusUpdate, db: Session=Depends(get_db), admin: User=Depends(get_cargo_admin)",inline,FastAPI authenticated/role dependency; inspect handler,API call exists without verified page/action parity,partially implemented,Expose input in the mobile ExpressAirCargo flow,"Cancel | Cancel edit | Import supplied 2026 card | Refresh rates | Refresh schedule | deactivateRate(rate.id)} className=""text-xs font-semibold text-danger"">Deactivate | deactivateRate(rate.id)} className=""text-xs text-danger"">Deactivate | editRate(rate)} className=""text-xs font-semibold text-accent"">Edit | editRate(rate)} className=""text-xs text-accent mr-3"">Edit | editSchedule(schedule)} className=""shrink-0 text-xs font-semibold text-accent"">Edit | editSchedule(schedule)} className=""text-xs text-accent"">Edit",,D:\Projects\sahajomy-platform\backend\app\api\v1\cargo_admin\routes.py:4952
FclRequests,Cargo Company,response,/cargo/fcl-requests,pages/cargo_admin/FclRequests.jsx,services/api.js,/cargo_admin/fcl-requests,GET,"request_status: Optional[str]=Query(None, alias='status'), db: Session=Depends(get_db), admin: User=Depends(require_roles('cargo_admin'))",inline,FastAPI authenticated/role dependency; inspect handler,API call exists without verified page/action parity,partially implemented,Expose response in the mobile FclRequests flow,"openRequest(item.id)} className=""text-sm font-semibold text-accent"">View details | setSelected(null)} className=""text-sm font-medium text-muted"">Close",,D:\Projects\sahajomy-platform\backend\app\api\v1\fcl_quote_requests.py:269
FclRequests,Cargo Company,response,/cargo/fcl-requests,pages/cargo_admin/FclRequests.jsx,services/api.js,/cargo_admin/fcl-requests/{id},GET,"request_id: UUID, db: Session=Depends(get_db), admin: User=Depends(require_roles('cargo_admin'))",inline,FastAPI authenticated/role dependency; inspect handler,none found,missing,Expose response in the mobile FclRequests flow,"openRequest(item.id)} className=""text-sm font-semibold text-accent"">View details | setSelected(null)} className=""text-sm font-medium text-muted"">Close",,D:\Projects\sahajomy-platform\backend\app\api\v1\fcl_quote_requests.py:296
FclRequests,Cargo Company,response,/cargo/fcl-requests,pages/cargo_admin/FclRequests.jsx,services/api.js,/cargo_admin/fcl-requests/{id}/status,PATCH,"request_id: UUID, payload: FclQuoteStatusUpdate, db: Session=Depends(get_db), admin: User=Depends(require_roles('cargo_admin'))",inline,FastAPI authenticated/role dependency; inspect handler,none found,missing,Expose response in the mobile FclRequests flow,"openRequest(item.id)} className=""text-sm font-semibold text-accent"">View details | setSelected(null)} className=""text-sm font-medium text-muted"">Close",,D:\Projects\sahajomy-platform\backend\app\api\v1\fcl_quote_requests.py:340
FinancialAnalytics,Cargo Company,load,/cargo/finance,pages/cargo_admin/FinancialAnalytics.jsx,services/api.js,/cargo/finance/dashboard,GET,"period: Literal['today', 'week', 'month', 'quarter', 'year', 'custom']='month', start: date | None=None, end: date | None=None, branch_id: UUID | None=None, service: str | None=None, currency: str | None=None, customer_id: UUID | None=None, route: str | None=None, payment_status: Literal['unpaid', 'partial', 'paid', 'overdue'] | None=None, db: Session=Depends(get_db), ctx: WorkspaceContext=Depends(require_permission('finance.dashboard.view'))",inline,finance.dashboard.view,API call exists without verified page/action parity,partially implemented,Expose load in the mobile FinancialAnalytics flow,"CSV | Submit for approval | setShowExpense((x) => !x)} className=""app-button-primary inline-flex items-center gap-2 px-3 py-2 text-sm"">Expense",,D:\Projects\sahajomy-platform\backend\app\api\v1\financial_analytics.py:241
FinancialAnalytics,Cargo Company,load,/cargo/finance,pages/cargo_admin/FinancialAnalytics.jsx,services/api.js,/cargo/finance/receivables,GET,"branch_id: UUID | None=None, db: Session=Depends(get_db), ctx: WorkspaceContext=Depends(require_permission('finance.receivables.view'))",inline,finance.receivables.view,none found,missing,Expose load in the mobile FinancialAnalytics flow,"CSV | Submit for approval | setShowExpense((x) => !x)} className=""app-button-primary inline-flex items-center gap-2 px-3 py-2 text-sm"">Expense",,D:\Projects\sahajomy-platform\backend\app\api\v1\financial_analytics.py:260
FinancialAnalytics,Cargo Company,load,/cargo/finance,pages/cargo_admin/FinancialAnalytics.jsx,services/api.js,/cargo/finance/p-and-l,GET,"year: int | None=Query(None, ge=2000, le=2200), branch_id: UUID | None=None, db: Session=Depends(get_db), ctx: WorkspaceContext=Depends(require_permission('finance.reports.view'))",inline,finance.reports.view,none found,missing,Expose load in the mobile FinancialAnalytics flow,"CSV | Submit for approval | setShowExpense((x) => !x)} className=""app-button-primary inline-flex items-center gap-2 px-3 py-2 text-sm"">Expense",,D:\Projects\sahajomy-platform\backend\app\api\v1\financial_analytics.py:271
FinancialAnalytics,Cargo Company,load,/cargo/finance,pages/cargo_admin/FinancialAnalytics.jsx,services/api.js,/cargo/finance/categories,GET,"db: Session=Depends(get_db), ctx: WorkspaceContext=Depends(require_permission('finance.expense.view'))",inline,finance.expense.view,none found,missing,Expose load in the mobile FinancialAnalytics flow,"CSV | Submit for approval | setShowExpense((x) => !x)} className=""app-button-primary inline-flex items-center gap-2 px-3 py-2 text-sm"">Expense",,D:\Projects\sahajomy-platform\backend\app\api\v1\financial_analytics.py:162
FinancialAnalytics,Cargo Company,saveExpense,/cargo/finance,pages/cargo_admin/FinancialAnalytics.jsx,services/api.js,/cargo/finance/expenses,POST,"body: ExpenseInput, db: Session=Depends(get_db), ctx: WorkspaceContext=Depends(require_permission('finance.expense.create'))",inline,finance.expense.create,none found,missing,Expose saveExpense in the mobile FinancialAnalytics flow,"CSV | Submit for approval | setShowExpense((x) => !x)} className=""app-button-primary inline-flex items-center gap-2 px-3 py-2 text-sm"">Expense",,D:\Projects\sahajomy-platform\backend\app\api\v1\financial_analytics.py:167
FinancialAnalytics,Cargo Company,response,/cargo/finance,pages/cargo_admin/FinancialAnalytics.jsx,services/api.js,/cargo/finance/export.csv,GET,"db: Session=Depends(get_db), ctx: WorkspaceContext=Depends(require_permission('finance.export'))",inline,finance.export,none found,missing,Expose response in the mobile FinancialAnalytics flow,"CSV | Submit for approval | setShowExpense((x) => !x)} className=""app-button-primary inline-flex items-center gap-2 px-3 py-2 text-sm"">Expense",,D:\Projects\sahajomy-platform\backend\app\api\v1\financial_analytics.py:305
ManualCargoIntake,Cargo Company,load,component/subflow,pages/cargo_admin/ManualCargoIntake.jsx,services/api.js,/cargo_admin/manual-cargo-intakes,GET,"status: Optional[Literal['draft', 'received', 'ready_for_packing_list', 'finalized', 'cancelled']]=None, cargo_type: Optional[Literal['sea', 'air']]=None, search: Optional[str]=None, db: Session=Depends(get_db), admin: User=Depends(get_cargo_admin)",inline,FastAPI authenticated/role dependency; inspect handler,none found,missing,Expose load in the mobile ManualCargoIntake flow,"Create & Select | markReceived(intake.id)} className=""mr-3 text-xs text-accent hover:underline"">Mark Received | markReceived(intake.id)} className=""text-xs font-semibold text-accent"">Receive | setOpen(false)} className=""app-button-secondary px-4 py-2"">Cancel | setOpen(false)} className=""p-1 text-muted""> | setQuickCustomer(null)} className=""app-button-secondary px-3 py-2"">Cancel | update(""items"", form.items.filter((_, itemIndex) => itemIndex !== index))} className=""rounded p-1 text-danger hover:bg-danger-soft""> | updateItem(index, ""item_photo_url"", """")} className=""text-danger hover:underline"">",,D:\Projects\sahajomy-platform\backend\app\api\v1\cargo_admin\customs.py:773
ManualCargoIntake,Cargo Company,load,component/subflow,pages/cargo_admin/ManualCargoIntake.jsx,services/api.js,/cargo_admin/customs-packing-lists/lookups,GET,"db: Session=Depends(get_db), admin: User=Depends(get_cargo_admin)",inline,FastAPI authenticated/role dependency; inspect handler,none found,missing,Expose load in the mobile ManualCargoIntake flow,"Create & Select | markReceived(intake.id)} className=""mr-3 text-xs text-accent hover:underline"">Mark Received | markReceived(intake.id)} className=""text-xs font-semibold text-accent"">Receive | setOpen(false)} className=""app-button-secondary px-4 py-2"">Cancel | setOpen(false)} className=""p-1 text-muted""> | setQuickCustomer(null)} className=""app-button-secondary px-3 py-2"">Cancel | update(""items"", form.items.filter((_, itemIndex) => itemIndex !== index))} className=""rounded p-1 text-danger hover:bg-danger-soft""> | updateItem(index, ""item_photo_url"", """")} className=""text-danger hover:underline"">",,D:\Projects\sahajomy-platform\backend\app\api\v1\cargo_admin\customs.py:891
ManualCargoIntake,Cargo Company,response,component/subflow,pages/cargo_admin/ManualCargoIntake.jsx,services/api.js,/cargo_admin/packing-list-item-photo,POST,"file: UploadFile=File(...), admin: User=Depends(get_cargo_admin)",inline,FastAPI authenticated/role dependency; inspect handler,none found,missing,Expose response in the mobile ManualCargoIntake flow,"Create & Select | markReceived(intake.id)} className=""mr-3 text-xs text-accent hover:underline"">Mark Received | markReceived(intake.id)} className=""text-xs font-semibold text-accent"">Receive | setOpen(false)} className=""app-button-secondary px-4 py-2"">Cancel | setOpen(false)} className=""p-1 text-muted""> | setQuickCustomer(null)} className=""app-button-secondary px-3 py-2"">Cancel | update(""items"", form.items.filter((_, itemIndex) => itemIndex !== index))} className=""rounded p-1 text-danger hover:bg-danger-soft""> | updateItem(index, ""item_photo_url"", """")} className=""text-danger hover:underline"">",,D:\Projects\sahajomy-platform\backend\app\api\v1\cargo_admin\customs.py:328
ManualCargoIntake,Cargo Company,POST /cargo_admin/manual-cargo-intakes,component/subflow,pages/cargo_admin/ManualCargoIntake.jsx,services/api.js,/cargo_admin/manual-cargo-intakes,POST,"body: ManualCargoIntakeInput, db: Session=Depends(get_db), admin: User=Depends(get_cargo_admin)",inline,FastAPI authenticated/role dependency; inspect handler,none found,missing,Expose post in the mobile ManualCargoIntake flow,"Create & Select | markReceived(intake.id)} className=""mr-3 text-xs text-accent hover:underline"">Mark Received | markReceived(intake.id)} className=""text-xs font-semibold text-accent"">Receive | setOpen(false)} className=""app-button-secondary px-4 py-2"">Cancel | setOpen(false)} className=""p-1 text-muted""> | setQuickCustomer(null)} className=""app-button-secondary px-3 py-2"">Cancel | update(""items"", form.items.filter((_, itemIndex) => itemIndex !== index))} className=""rounded p-1 text-danger hover:bg-danger-soft""> | updateItem(index, ""item_photo_url"", """")} className=""text-danger hover:underline"">",,D:\Projects\sahajomy-platform\backend\app\api\v1\cargo_admin\customs.py:794
ManualCargoIntake,Cargo Company,markReceived,component/subflow,pages/cargo_admin/ManualCargoIntake.jsx,services/api.js,/cargo_admin/manual-cargo-intakes/{id}/mark-received,POST,"intake_id: str, db: Session=Depends(get_db), admin: User=Depends(get_cargo_admin)",inline,FastAPI authenticated/role dependency; inspect handler,none found,missing,Expose markReceived in the mobile ManualCargoIntake flow,"Create & Select | markReceived(intake.id)} className=""mr-3 text-xs text-accent hover:underline"">Mark Received | markReceived(intake.id)} className=""text-xs font-semibold text-accent"">Receive | setOpen(false)} className=""app-button-secondary px-4 py-2"">Cancel | setOpen(false)} className=""p-1 text-muted""> | setQuickCustomer(null)} className=""app-button-secondary px-3 py-2"">Cancel | update(""items"", form.items.filter((_, itemIndex) => itemIndex !== index))} className=""rounded p-1 text-danger hover:bg-danger-soft""> | updateItem(index, ""item_photo_url"", """")} className=""text-danger hover:underline"">",,D:\Projects\sahajomy-platform\backend\app\api\v1\cargo_admin\customs.py:851
ManualCargoIntake,Cargo Company,generatePackingList,component/subflow,pages/cargo_admin/ManualCargoIntake.jsx,services/api.js,/cargo_admin/manual-cargo-intakes/{id}/packing-list,POST,"intake_id: str, db: Session=Depends(get_db), admin: User=Depends(get_cargo_admin)",inline,FastAPI authenticated/role dependency; inspect handler,none found,missing,Expose generatePackingList in the mobile ManualCargoIntake flow,"Create & Select | markReceived(intake.id)} className=""mr-3 text-xs text-accent hover:underline"">Mark Received | markReceived(intake.id)} className=""text-xs font-semibold text-accent"">Receive | setOpen(false)} className=""app-button-secondary px-4 py-2"">Cancel | setOpen(false)} className=""p-1 text-muted""> | setQuickCustomer(null)} className=""app-button-secondary px-3 py-2"">Cancel | update(""items"", form.items.filter((_, itemIndex) => itemIndex !== index))} className=""rounded p-1 text-danger hover:bg-danger-soft""> | updateItem(index, ""item_photo_url"", """")} className=""text-danger hover:underline"">",,D:\Projects\sahajomy-platform\backend\app\api\v1\cargo_admin\customs.py:861
ManualCargoIntake,Cargo Company,response,component/subflow,pages/cargo_admin/ManualCargoIntake.jsx,services/api.js,/cargo_admin/customers,POST,"body: CustomerInput, db: Session=Depends(get_db), admin: User=Depends(get_cargo_admin)",inline,FastAPI authenticated/role dependency; inspect handler,none found,missing,Expose response in the mobile ManualCargoIntake flow,"Create & Select | markReceived(intake.id)} className=""mr-3 text-xs text-accent hover:underline"">Mark Received | markReceived(intake.id)} className=""text-xs font-semibold text-accent"">Receive | setOpen(false)} className=""app-button-secondary px-4 py-2"">Cancel | setOpen(false)} className=""p-1 text-muted""> | setQuickCustomer(null)} className=""app-button-secondary px-3 py-2"">Cancel | update(""items"", form.items.filter((_, itemIndex) => itemIndex !== index))} className=""rounded p-1 text-danger hover:bg-danger-soft""> | updateItem(index, ""item_photo_url"", """")} className=""text-danger hover:underline"">",,D:\Projects\sahajomy-platform\backend\app\api\v1\cargo_admin\customs.py:372
PackingLists,Cargo Company,loadData,component/subflow,pages/cargo_admin/PackingLists.jsx,services/api.js,/cargo_admin/financial/packing-lists,GET,"container_id: Optional[str]=None, status: Optional[str]=None, shipment_stage: Optional[str]=None, search: Optional[str]=None, include_archived: bool=Query(False), db: Session=Depends(get_db), admin: User=Depends(get_cargo_admin)",inline,FastAPI authenticated/role dependency; inspect handler,API call exists without verified page/action parity,partially implemented,Expose loadData in the mobile PackingLists flow,"Refresh | exportPackingListCsv(
                          row.packing_list_id,
                          row.packing_list_reference,
                        )
                      }
                    >
                      Export CSV | exportPackingListCsv(
                        row.packing_list_id,
                        row.packing_list_reference,
                      )
                    }
                  >
                    Export CSV | exportPackingListCsv(
                    selectedPackingList.packing_list_id,
                    selectedPackingList.packing_list_reference,
                  )
                }
              >
                Download CSV | fetchPackingListDetail(row.packing_list_id)}
                    >
                      View | fetchPackingListDetail(row.packing_list_id)}
                  >
                    View",,D:\Projects\sahajomy-platform\backend\app\api\v1\cargo_admin\routes.py:2942
PackingLists,Cargo Company,loadData,component/subflow,pages/cargo_admin/PackingLists.jsx,services/api.js,/cargo_admin/financial/consolidated-packing-lists,GET,"container_id: Optional[str]=None, include_archived: bool=Query(False), db: Session=Depends(get_db), admin: User=Depends(get_cargo_admin)",inline,FastAPI authenticated/role dependency; inspect handler,none found,missing,Expose loadData in the mobile PackingLists flow,"Refresh | exportPackingListCsv(
                          row.packing_list_id,
                          row.packing_list_reference,
                        )
                      }
                    >
                      Export CSV | exportPackingListCsv(
                        row.packing_list_id,
                        row.packing_list_reference,
                      )
                    }
                  >
                    Export CSV | exportPackingListCsv(
                    selectedPackingList.packing_list_id,
                    selectedPackingList.packing_list_reference,
                  )
                }
              >
                Download CSV | fetchPackingListDetail(row.packing_list_id)}
                    >
                      View | fetchPackingListDetail(row.packing_list_id)}
                  >
                    View",,D:\Projects\sahajomy-platform\backend\app\api\v1\cargo_admin\routes.py:2360
PackingLists,Cargo Company,loadData,component/subflow,pages/cargo_admin/PackingLists.jsx,services/api.js,/cargo_admin/containers,GET,"status: Optional[str]=None, warehouse_id: Optional[str]=None, include_archived: bool=Query(False), db: Session=Depends(get_db), admin: User=Depends(get_cargo_admin)",inline,FastAPI authenticated/role dependency; inspect handler,API call exists without verified page/action parity,partially implemented,Expose loadData in the mobile PackingLists flow,"Refresh | exportPackingListCsv(
                          row.packing_list_id,
                          row.packing_list_reference,
                        )
                      }
                    >
                      Export CSV | exportPackingListCsv(
                        row.packing_list_id,
                        row.packing_list_reference,
                      )
                    }
                  >
                    Export CSV | exportPackingListCsv(
                    selectedPackingList.packing_list_id,
                    selectedPackingList.packing_list_reference,
                  )
                }
              >
                Download CSV | fetchPackingListDetail(row.packing_list_id)}
                    >
                      View | fetchPackingListDetail(row.packing_list_id)}
                  >
                    View",,D:\Projects\sahajomy-platform\backend\app\api\v1\cargo_admin\routes.py:961
PackingLists,Cargo Company,response,component/subflow,pages/cargo_admin/PackingLists.jsx,services/api.js,/cargo_admin/financial/packing-lists/{id},GET,"packing_list_id: str, db: Session=Depends(get_db), admin: User=Depends(get_cargo_admin)",inline,FastAPI authenticated/role dependency; inspect handler,API call exists without verified page/action parity,partially implemented,Expose response in the mobile PackingLists flow,"Refresh | exportPackingListCsv(
                          row.packing_list_id,
                          row.packing_list_reference,
                        )
                      }
                    >
                      Export CSV | exportPackingListCsv(
                        row.packing_list_id,
                        row.packing_list_reference,
                      )
                    }
                  >
                    Export CSV | exportPackingListCsv(
                    selectedPackingList.packing_list_id,
                    selectedPackingList.packing_list_reference,
                  )
                }
              >
                Download CSV | fetchPackingListDetail(row.packing_list_id)}
                    >
                      View | fetchPackingListDetail(row.packing_list_id)}
                  >
                    View",,D:\Projects\sahajomy-platform\backend\app\api\v1\cargo_admin\routes.py:3034
PackingLists,Cargo Company,response,component/subflow,pages/cargo_admin/PackingLists.jsx,services/api.js,/cargo_admin/financial/packing-lists/{id}/export/csv,GET,"packing_list_id: str, db: Session=Depends(get_db), admin: User=Depends(get_cargo_admin)",inline,FastAPI authenticated/role dependency; inspect handler,none found,missing,Expose response in the mobile PackingLists flow,"Refresh | exportPackingListCsv(
                          row.packing_list_id,
                          row.packing_list_reference,
                        )
                      }
                    >
                      Export CSV | exportPackingListCsv(
                        row.packing_list_id,
                        row.packing_list_reference,
                      )
                    }
                  >
                    Export CSV | exportPackingListCsv(
                    selectedPackingList.packing_list_id,
                    selectedPackingList.packing_list_reference,
                  )
                }
              >
                Download CSV | fetchPackingListDetail(row.packing_list_id)}
                    >
                      View | fetchPackingListDetail(row.packing_list_id)}
                  >
                    View",,D:\Projects\sahajomy-platform\backend\app\api\v1\cargo_admin\routes.py:3113
PendingApproval,Cargo Company,Present page content / navigation,/cargo/pending-approval,pages/cargo_admin/PendingApproval.jsx,none,none,none,none,none,public or route guard,none,missing,Mobile page and all navigation actions,Sign out,,
Receipts,Cargo Company,res,/cargo/receipts,pages/cargo_admin/Receipts.jsx,services/api.js,/cargo_admin/financial/receipts,GET,"db: Session=Depends(get_db), admin: User=Depends(get_cargo_admin)",inline,FastAPI authenticated/role dependency; inspect handler,API call and route exist; interaction/state parity requires verification,partially implemented,Expose res in the mobile Receipts flow,"Refresh | handleOpenPdf(row)}
                      className=""app-button-primary tap-button px-3 py-1 text-xs whitespace-nowrap""
                    >
                      Open PDF | handleOpenPdf(row)}
                      className=""text-sm font-semibold text-accent hover:underline""
                    >
                      Open PDF",,D:\Projects\sahajomy-platform\backend\app\api\v1\cargo_admin\routes.py:2894
SeaBookings,Cargo Company,loadData,/cargo/sea-bookings,pages/cargo_admin/SeaBookings.jsx,services/api.js,/cargo_admin/sea-bookings,GET,"container_id: Optional[str]=None, status: Optional[str]=None, payment_status: Optional[str]=None, search: Optional[str]=None, from_date: Optional[str]=None, to_date: Optional[str]=None, skip: int=Query(0, ge=0), limit: int=Query(50, ge=1, le=500), db: Session=Depends(get_db), admin: User=Depends(get_cargo_admin)",inline,FastAPI authenticated/role dependency; inspect handler,API call and route exist; interaction/state parity requires verification,partially implemented,Expose loadData in the mobile SeaBookings flow,"Export CSV | Print Report | Refresh | Try Again | handleCollect(r.id)}
                              className=""p-1 hover:bg-secondary rounded-lg text-brand""
                              title=""Mark Collected""
                            > | handleCollect(r.id)}
                          className=""min-h-[36px] px-3 py-1.5 rounded-lg border border-brand text-brand text-xs font-medium""
                        >
                          Mark Collected | handleConfirmPayment(r.id)}
                              className=""p-1 hover:bg-success-soft rounded-lg text-success""
                              title=""Confirm Payment""
                            > | handleConfirmPayment(r.id)}
                          className=""min-h-[36px] px-3 py-1.5 rounded-lg border border-success text-success text-xs font-medium""
                        >
                          Confirm Payment | handleCopy(""tracking number"", r.tracking_number || """")}
                            className=""p-1 hover:bg-secondary rounded-lg text-muted""
                            title=""Copy Tracking Number""
                          > | handleCopy(""tracking number"", r.tracking_number || """")}
                        className=""p-2 border border-border rounded-lg text-muted hover:bg-secondary""
                        title=""Copy Tracking Number""
                      > | handleCreatePackingList(r.id)}
                            className=""p-1 hover:bg-secondary rounded-lg text-brand""
                            title=""Create Packing List""
                          > | handleCreatePackingList(r.id)}
                        className=""min-h-[36px] px-3 py-1.5 rounded-lg border border-border text-ink text-xs font-medium""
                      >
                        Packing List | handleExportIndividualPackingListCsv(r.id)}
                            className=""p-1 hover:bg-secondary rounded-lg text-accent""
                            title=""Export Individual Packing List CSV""
                          > | handleGenerateIndividualPackingList(r.id)}
                            className=""p-1 hover:bg-secondary rounded-lg text-accent""
                            title=""Generate Individual Packing List Snapshot""
                          > | handleGenerateInvoice(r.id)}
                              className=""p-1 hover:bg-secondary rounded-lg text-accent""
                              title=""Generate Invoice""
                            > | handleGenerateInvoice(r.id)}
                          className=""min-h-[36px] px-3 py-1.5 rounded-lg border border-accent text-accent text-xs font-medium""
                        >
                          Generate Invoice | handleGenerateReceipt(r.id)}
                              className=""p-1 hover:bg-success-soft rounded-lg text-success""
                              title=""Generate Receipt""
                            > | handleGenerateReceipt(r.id)}
                          className=""min-h-[36px] px-3 py-1.5 rounded-lg border border-success text-success text-xs font-medium""
                        >
                          Generate Receipt | handleHold(r.id, ""Customs inspection"")}
                              className=""p-1 hover:bg-danger-soft rounded-lg text-danger""
                              title=""Hold Goods""
                            > | handleHold(r.id, ""Customs inspection"")}
                          className=""min-h-[36px] px-3 py-1.5 rounded-lg border border-danger text-danger text-xs font-medium""
                        >
                          Hold | handlePrintLabel(r.id)}
                            className=""p-1 hover:bg-secondary rounded-lg text-brand""
                            title=""Print Label""
                          > | handlePrintLabel(r.id)}
                        className=""min-h-[36px] px-3 py-1.5 rounded-lg border border-border text-ink text-xs font-medium""
                      >
                        Print Label | handleRelease(r.id)}
                              className=""p-1 hover:bg-success-soft rounded-lg text-success""
                              title=""Release Goods""
                            > | handleRelease(r.id)}
                          className=""min-h-[36px] px-3 py-1.5 rounded-lg border border-success text-success text-xs font-medium""
                        >
                          Release",,D:\Projects\sahajomy-platform\backend\app\api\v1\cargo_admin\routes.py:1613
SeaBookings,Cargo Company,loadData,/cargo/sea-bookings,pages/cargo_admin/SeaBookings.jsx,services/api.js,/cargo_admin/containers,GET,"status: Optional[str]=None, warehouse_id: Optional[str]=None, include_archived: bool=Query(False), db: Session=Depends(get_db), admin: User=Depends(get_cargo_admin)",inline,FastAPI authenticated/role dependency; inspect handler,API call and route exist; interaction/state parity requires verification,partially implemented,Expose loadData in the mobile SeaBookings flow,"Export CSV | Print Report | Refresh | Try Again | handleCollect(r.id)}
                              className=""p-1 hover:bg-secondary rounded-lg text-brand""
                              title=""Mark Collected""
                            > | handleCollect(r.id)}
                          className=""min-h-[36px] px-3 py-1.5 rounded-lg border border-brand text-brand text-xs font-medium""
                        >
                          Mark Collected | handleConfirmPayment(r.id)}
                              className=""p-1 hover:bg-success-soft rounded-lg text-success""
                              title=""Confirm Payment""
                            > | handleConfirmPayment(r.id)}
                          className=""min-h-[36px] px-3 py-1.5 rounded-lg border border-success text-success text-xs font-medium""
                        >
                          Confirm Payment | handleCopy(""tracking number"", r.tracking_number || """")}
                            className=""p-1 hover:bg-secondary rounded-lg text-muted""
                            title=""Copy Tracking Number""
                          > | handleCopy(""tracking number"", r.tracking_number || """")}
                        className=""p-2 border border-border rounded-lg text-muted hover:bg-secondary""
                        title=""Copy Tracking Number""
                      > | handleCreatePackingList(r.id)}
                            className=""p-1 hover:bg-secondary rounded-lg text-brand""
                            title=""Create Packing List""
                          > | handleCreatePackingList(r.id)}
                        className=""min-h-[36px] px-3 py-1.5 rounded-lg border border-border text-ink text-xs font-medium""
                      >
                        Packing List | handleExportIndividualPackingListCsv(r.id)}
                            className=""p-1 hover:bg-secondary rounded-lg text-accent""
                            title=""Export Individual Packing List CSV""
                          > | handleGenerateIndividualPackingList(r.id)}
                            className=""p-1 hover:bg-secondary rounded-lg text-accent""
                            title=""Generate Individual Packing List Snapshot""
                          > | handleGenerateInvoice(r.id)}
                              className=""p-1 hover:bg-secondary rounded-lg text-accent""
                              title=""Generate Invoice""
                            > | handleGenerateInvoice(r.id)}
                          className=""min-h-[36px] px-3 py-1.5 rounded-lg border border-accent text-accent text-xs font-medium""
                        >
                          Generate Invoice | handleGenerateReceipt(r.id)}
                              className=""p-1 hover:bg-success-soft rounded-lg text-success""
                              title=""Generate Receipt""
                            > | handleGenerateReceipt(r.id)}
                          className=""min-h-[36px] px-3 py-1.5 rounded-lg border border-success text-success text-xs font-medium""
                        >
                          Generate Receipt | handleHold(r.id, ""Customs inspection"")}
                              className=""p-1 hover:bg-danger-soft rounded-lg text-danger""
                              title=""Hold Goods""
                            > | handleHold(r.id, ""Customs inspection"")}
                          className=""min-h-[36px] px-3 py-1.5 rounded-lg border border-danger text-danger text-xs font-medium""
                        >
                          Hold | handlePrintLabel(r.id)}
                            className=""p-1 hover:bg-secondary rounded-lg text-brand""
                            title=""Print Label""
                          > | handlePrintLabel(r.id)}
                        className=""min-h-[36px] px-3 py-1.5 rounded-lg border border-border text-ink text-xs font-medium""
                      >
                        Print Label | handleRelease(r.id)}
                              className=""p-1 hover:bg-success-soft rounded-lg text-success""
                              title=""Release Goods""
                            > | handleRelease(r.id)}
                          className=""min-h-[36px] px-3 py-1.5 rounded-lg border border-success text-success text-xs font-medium""
                        >
                          Release",,D:\Projects\sahajomy-platform\backend\app\api\v1\cargo_admin\routes.py:961
SeaBookings,Cargo Company,handleStatusChange,/cargo/sea-bookings,pages/cargo_admin/SeaBookings.jsx,services/api.js,/cargo_admin/sea-bookings/{id}/status,PATCH,"sea_booking_id: str, body: SeaBookingStatusUpdateRequest, db: Session=Depends(get_db), admin: User=Depends(get_cargo_admin)",inline,FastAPI authenticated/role dependency; inspect handler,API call and route exist; interaction/state parity requires verification,partially implemented,Expose handleStatusChange in the mobile SeaBookings flow,"Export CSV | Print Report | Refresh | Try Again | handleCollect(r.id)}
                              className=""p-1 hover:bg-secondary rounded-lg text-brand""
                              title=""Mark Collected""
                            > | handleCollect(r.id)}
                          className=""min-h-[36px] px-3 py-1.5 rounded-lg border border-brand text-brand text-xs font-medium""
                        >
                          Mark Collected | handleConfirmPayment(r.id)}
                              className=""p-1 hover:bg-success-soft rounded-lg text-success""
                              title=""Confirm Payment""
                            > | handleConfirmPayment(r.id)}
                          className=""min-h-[36px] px-3 py-1.5 rounded-lg border border-success text-success text-xs font-medium""
                        >
                          Confirm Payment | handleCopy(""tracking number"", r.tracking_number || """")}
                            className=""p-1 hover:bg-secondary rounded-lg text-muted""
                            title=""Copy Tracking Number""
                          > | handleCopy(""tracking number"", r.tracking_number || """")}
                        className=""p-2 border border-border rounded-lg text-muted hover:bg-secondary""
                        title=""Copy Tracking Number""
                      > | handleCreatePackingList(r.id)}
                            className=""p-1 hover:bg-secondary rounded-lg text-brand""
                            title=""Create Packing List""
                          > | handleCreatePackingList(r.id)}
                        className=""min-h-[36px] px-3 py-1.5 rounded-lg border border-border text-ink text-xs font-medium""
                      >
                        Packing List | handleExportIndividualPackingListCsv(r.id)}
                            className=""p-1 hover:bg-secondary rounded-lg text-accent""
                            title=""Export Individual Packing List CSV""
                          > | handleGenerateIndividualPackingList(r.id)}
                            className=""p-1 hover:bg-secondary rounded-lg text-accent""
                            title=""Generate Individual Packing List Snapshot""
                          > | handleGenerateInvoice(r.id)}
                              className=""p-1 hover:bg-secondary rounded-lg text-accent""
                              title=""Generate Invoice""
                            > | handleGenerateInvoice(r.id)}
                          className=""min-h-[36px] px-3 py-1.5 rounded-lg border border-accent text-accent text-xs font-medium""
                        >
                          Generate Invoice | handleGenerateReceipt(r.id)}
                              className=""p-1 hover:bg-success-soft rounded-lg text-success""
                              title=""Generate Receipt""
                            > | handleGenerateReceipt(r.id)}
                          className=""min-h-[36px] px-3 py-1.5 rounded-lg border border-success text-success text-xs font-medium""
                        >
                          Generate Receipt | handleHold(r.id, ""Customs inspection"")}
                              className=""p-1 hover:bg-danger-soft rounded-lg text-danger""
                              title=""Hold Goods""
                            > | handleHold(r.id, ""Customs inspection"")}
                          className=""min-h-[36px] px-3 py-1.5 rounded-lg border border-danger text-danger text-xs font-medium""
                        >
                          Hold | handlePrintLabel(r.id)}
                            className=""p-1 hover:bg-secondary rounded-lg text-brand""
                            title=""Print Label""
                          > | handlePrintLabel(r.id)}
                        className=""min-h-[36px] px-3 py-1.5 rounded-lg border border-border text-ink text-xs font-medium""
                      >
                        Print Label | handleRelease(r.id)}
                              className=""p-1 hover:bg-success-soft rounded-lg text-success""
                              title=""Release Goods""
                            > | handleRelease(r.id)}
                          className=""min-h-[36px] px-3 py-1.5 rounded-lg border border-success text-success text-xs font-medium""
                        >
                          Release",,D:\Projects\sahajomy-platform\backend\app\api\v1\cargo_admin\routes.py:1799
SeaBookings,Cargo Company,handleHold,/cargo/sea-bookings,pages/cargo_admin/SeaBookings.jsx,services/api.js,/cargo_admin/sea-bookings/{id}/hold,POST,"sea_booking_id: str, body: HoldGoodsRequest, db: Session=Depends(get_db), admin: User=Depends(get_cargo_admin)",inline,FastAPI authenticated/role dependency; inspect handler,API call and route exist; interaction/state parity requires verification,partially implemented,Expose handleHold in the mobile SeaBookings flow,"Export CSV | Print Report | Refresh | Try Again | handleCollect(r.id)}
                              className=""p-1 hover:bg-secondary rounded-lg text-brand""
                              title=""Mark Collected""
                            > | handleCollect(r.id)}
                          className=""min-h-[36px] px-3 py-1.5 rounded-lg border border-brand text-brand text-xs font-medium""
                        >
                          Mark Collected | handleConfirmPayment(r.id)}
                              className=""p-1 hover:bg-success-soft rounded-lg text-success""
                              title=""Confirm Payment""
                            > | handleConfirmPayment(r.id)}
                          className=""min-h-[36px] px-3 py-1.5 rounded-lg border border-success text-success text-xs font-medium""
                        >
                          Confirm Payment | handleCopy(""tracking number"", r.tracking_number || """")}
                            className=""p-1 hover:bg-secondary rounded-lg text-muted""
                            title=""Copy Tracking Number""
                          > | handleCopy(""tracking number"", r.tracking_number || """")}
                        className=""p-2 border border-border rounded-lg text-muted hover:bg-secondary""
                        title=""Copy Tracking Number""
                      > | handleCreatePackingList(r.id)}
                            className=""p-1 hover:bg-secondary rounded-lg text-brand""
                            title=""Create Packing List""
                          > | handleCreatePackingList(r.id)}
                        className=""min-h-[36px] px-3 py-1.5 rounded-lg border border-border text-ink text-xs font-medium""
                      >
                        Packing List | handleExportIndividualPackingListCsv(r.id)}
                            className=""p-1 hover:bg-secondary rounded-lg text-accent""
                            title=""Export Individual Packing List CSV""
                          > | handleGenerateIndividualPackingList(r.id)}
                            className=""p-1 hover:bg-secondary rounded-lg text-accent""
                            title=""Generate Individual Packing List Snapshot""
                          > | handleGenerateInvoice(r.id)}
                              className=""p-1 hover:bg-secondary rounded-lg text-accent""
                              title=""Generate Invoice""
                            > | handleGenerateInvoice(r.id)}
                          className=""min-h-[36px] px-3 py-1.5 rounded-lg border border-accent text-accent text-xs font-medium""
                        >
                          Generate Invoice | handleGenerateReceipt(r.id)}
                              className=""p-1 hover:bg-success-soft rounded-lg text-success""
                              title=""Generate Receipt""
                            > | handleGenerateReceipt(r.id)}
                          className=""min-h-[36px] px-3 py-1.5 rounded-lg border border-success text-success text-xs font-medium""
                        >
                          Generate Receipt | handleHold(r.id, ""Customs inspection"")}
                              className=""p-1 hover:bg-danger-soft rounded-lg text-danger""
                              title=""Hold Goods""
                            > | handleHold(r.id, ""Customs inspection"")}
                          className=""min-h-[36px] px-3 py-1.5 rounded-lg border border-danger text-danger text-xs font-medium""
                        >
                          Hold | handlePrintLabel(r.id)}
                            className=""p-1 hover:bg-secondary rounded-lg text-brand""
                            title=""Print Label""
                          > | handlePrintLabel(r.id)}
                        className=""min-h-[36px] px-3 py-1.5 rounded-lg border border-border text-ink text-xs font-medium""
                      >
                        Print Label | handleRelease(r.id)}
                              className=""p-1 hover:bg-success-soft rounded-lg text-success""
                              title=""Release Goods""
                            > | handleRelease(r.id)}
                          className=""min-h-[36px] px-3 py-1.5 rounded-lg border border-success text-success text-xs font-medium""
                        >
                          Release",,D:\Projects\sahajomy-platform\backend\app\api\v1\cargo_admin\routes.py:1524
SeaBookings,Cargo Company,handleRelease,/cargo/sea-bookings,pages/cargo_admin/SeaBookings.jsx,services/api.js,/cargo_admin/sea-bookings/{id}/release,POST,"sea_booking_id: str, body: ReleaseGoodsRequest, db: Session=Depends(get_db), admin: User=Depends(get_cargo_admin)",inline,FastAPI authenticated/role dependency; inspect handler,API call and route exist; interaction/state parity requires verification,partially implemented,Expose handleRelease in the mobile SeaBookings flow,"Export CSV | Print Report | Refresh | Try Again | handleCollect(r.id)}
                              className=""p-1 hover:bg-secondary rounded-lg text-brand""
                              title=""Mark Collected""
                            > | handleCollect(r.id)}
                          className=""min-h-[36px] px-3 py-1.5 rounded-lg border border-brand text-brand text-xs font-medium""
                        >
                          Mark Collected | handleConfirmPayment(r.id)}
                              className=""p-1 hover:bg-success-soft rounded-lg text-success""
                              title=""Confirm Payment""
                            > | handleConfirmPayment(r.id)}
                          className=""min-h-[36px] px-3 py-1.5 rounded-lg border border-success text-success text-xs font-medium""
                        >
                          Confirm Payment | handleCopy(""tracking number"", r.tracking_number || """")}
                            className=""p-1 hover:bg-secondary rounded-lg text-muted""
                            title=""Copy Tracking Number""
                          > | handleCopy(""tracking number"", r.tracking_number || """")}
                        className=""p-2 border border-border rounded-lg text-muted hover:bg-secondary""
                        title=""Copy Tracking Number""
                      > | handleCreatePackingList(r.id)}
                            className=""p-1 hover:bg-secondary rounded-lg text-brand""
                            title=""Create Packing List""
                          > | handleCreatePackingList(r.id)}
                        className=""min-h-[36px] px-3 py-1.5 rounded-lg border border-border text-ink text-xs font-medium""
                      >
                        Packing List | handleExportIndividualPackingListCsv(r.id)}
                            className=""p-1 hover:bg-secondary rounded-lg text-accent""
                            title=""Export Individual Packing List CSV""
                          > | handleGenerateIndividualPackingList(r.id)}
                            className=""p-1 hover:bg-secondary rounded-lg text-accent""
                            title=""Generate Individual Packing List Snapshot""
                          > | handleGenerateInvoice(r.id)}
                              className=""p-1 hover:bg-secondary rounded-lg text-accent""
                              title=""Generate Invoice""
                            > | handleGenerateInvoice(r.id)}
                          className=""min-h-[36px] px-3 py-1.5 rounded-lg border border-accent text-accent text-xs font-medium""
                        >
                          Generate Invoice | handleGenerateReceipt(r.id)}
                              className=""p-1 hover:bg-success-soft rounded-lg text-success""
                              title=""Generate Receipt""
                            > | handleGenerateReceipt(r.id)}
                          className=""min-h-[36px] px-3 py-1.5 rounded-lg border border-success text-success text-xs font-medium""
                        >
                          Generate Receipt | handleHold(r.id, ""Customs inspection"")}
                              className=""p-1 hover:bg-danger-soft rounded-lg text-danger""
                              title=""Hold Goods""
                            > | handleHold(r.id, ""Customs inspection"")}
                          className=""min-h-[36px] px-3 py-1.5 rounded-lg border border-danger text-danger text-xs font-medium""
                        >
                          Hold | handlePrintLabel(r.id)}
                            className=""p-1 hover:bg-secondary rounded-lg text-brand""
                            title=""Print Label""
                          > | handlePrintLabel(r.id)}
                        className=""min-h-[36px] px-3 py-1.5 rounded-lg border border-border text-ink text-xs font-medium""
                      >
                        Print Label | handleRelease(r.id)}
                              className=""p-1 hover:bg-success-soft rounded-lg text-success""
                              title=""Release Goods""
                            > | handleRelease(r.id)}
                          className=""min-h-[36px] px-3 py-1.5 rounded-lg border border-success text-success text-xs font-medium""
                        >
                          Release",,D:\Projects\sahajomy-platform\backend\app\api\v1\cargo_admin\routes.py:1570
SeaBookings,Cargo Company,handleConfirmPayment,/cargo/sea-bookings,pages/cargo_admin/SeaBookings.jsx,services/api.js,/cargo_admin/sea-bookings/{id}/confirm-payment,POST,"sea_booking_id: str, db: Session=Depends(get_db), admin: User=Depends(get_cargo_admin)",inline,FastAPI authenticated/role dependency; inspect handler,API call and route exist; interaction/state parity requires verification,partially implemented,Expose handleConfirmPayment in the mobile SeaBookings flow,"Export CSV | Print Report | Refresh | Try Again | handleCollect(r.id)}
                              className=""p-1 hover:bg-secondary rounded-lg text-brand""
                              title=""Mark Collected""
                            > | handleCollect(r.id)}
                          className=""min-h-[36px] px-3 py-1.5 rounded-lg border border-brand text-brand text-xs font-medium""
                        >
                          Mark Collected | handleConfirmPayment(r.id)}
                              className=""p-1 hover:bg-success-soft rounded-lg text-success""
                              title=""Confirm Payment""
                            > | handleConfirmPayment(r.id)}
                          className=""min-h-[36px] px-3 py-1.5 rounded-lg border border-success text-success text-xs font-medium""
                        >
                          Confirm Payment | handleCopy(""tracking number"", r.tracking_number || """")}
                            className=""p-1 hover:bg-secondary rounded-lg text-muted""
                            title=""Copy Tracking Number""
                          > | handleCopy(""tracking number"", r.tracking_number || """")}
                        className=""p-2 border border-border rounded-lg text-muted hover:bg-secondary""
                        title=""Copy Tracking Number""
                      > | handleCreatePackingList(r.id)}
                            className=""p-1 hover:bg-secondary rounded-lg text-brand""
                            title=""Create Packing List""
                          > | handleCreatePackingList(r.id)}
                        className=""min-h-[36px] px-3 py-1.5 rounded-lg border border-border text-ink text-xs font-medium""
                      >
                        Packing List | handleExportIndividualPackingListCsv(r.id)}
                            className=""p-1 hover:bg-secondary rounded-lg text-accent""
                            title=""Export Individual Packing List CSV""
                          > | handleGenerateIndividualPackingList(r.id)}
                            className=""p-1 hover:bg-secondary rounded-lg text-accent""
                            title=""Generate Individual Packing List Snapshot""
                          > | handleGenerateInvoice(r.id)}
                              className=""p-1 hover:bg-secondary rounded-lg text-accent""
                              title=""Generate Invoice""
                            > | handleGenerateInvoice(r.id)}
                          className=""min-h-[36px] px-3 py-1.5 rounded-lg border border-accent text-accent text-xs font-medium""
                        >
                          Generate Invoice | handleGenerateReceipt(r.id)}
                              className=""p-1 hover:bg-success-soft rounded-lg text-success""
                              title=""Generate Receipt""
                            > | handleGenerateReceipt(r.id)}
                          className=""min-h-[36px] px-3 py-1.5 rounded-lg border border-success text-success text-xs font-medium""
                        >
                          Generate Receipt | handleHold(r.id, ""Customs inspection"")}
                              className=""p-1 hover:bg-danger-soft rounded-lg text-danger""
                              title=""Hold Goods""
                            > | handleHold(r.id, ""Customs inspection"")}
                          className=""min-h-[36px] px-3 py-1.5 rounded-lg border border-danger text-danger text-xs font-medium""
                        >
                          Hold | handlePrintLabel(r.id)}
                            className=""p-1 hover:bg-secondary rounded-lg text-brand""
                            title=""Print Label""
                          > | handlePrintLabel(r.id)}
                        className=""min-h-[36px] px-3 py-1.5 rounded-lg border border-border text-ink text-xs font-medium""
                      >
                        Print Label | handleRelease(r.id)}
                              className=""p-1 hover:bg-success-soft rounded-lg text-success""
                              title=""Release Goods""
                            > | handleRelease(r.id)}
                          className=""min-h-[36px] px-3 py-1.5 rounded-lg border border-success text-success text-xs font-medium""
                        >
                          Release",,D:\Projects\sahajomy-platform\backend\app\api\v1\cargo_admin\routes.py:2494
SeaBookings,Cargo Company,handleCollect,/cargo/sea-bookings,pages/cargo_admin/SeaBookings.jsx,services/api.js,/cargo_admin/sea-bookings/{id}/collect,POST,"sea_booking_id: str, body: MarkCollectedRequest, db: Session=Depends(get_db), admin: User=Depends(get_cargo_admin)",inline,FastAPI authenticated/role dependency; inspect handler,API call and route exist; interaction/state parity requires verification,partially implemented,Expose handleCollect in the mobile SeaBookings flow,"Export CSV | Print Report | Refresh | Try Again | handleCollect(r.id)}
                              className=""p-1 hover:bg-secondary rounded-lg text-brand""
                              title=""Mark Collected""
                            > | handleCollect(r.id)}
                          className=""min-h-[36px] px-3 py-1.5 rounded-lg border border-brand text-brand text-xs font-medium""
                        >
                          Mark Collected | handleConfirmPayment(r.id)}
                              className=""p-1 hover:bg-success-soft rounded-lg text-success""
                              title=""Confirm Payment""
                            > | handleConfirmPayment(r.id)}
                          className=""min-h-[36px] px-3 py-1.5 rounded-lg border border-success text-success text-xs font-medium""
                        >
                          Confirm Payment | handleCopy(""tracking number"", r.tracking_number || """")}
                            className=""p-1 hover:bg-secondary rounded-lg text-muted""
                            title=""Copy Tracking Number""
                          > | handleCopy(""tracking number"", r.tracking_number || """")}
                        className=""p-2 border border-border rounded-lg text-muted hover:bg-secondary""
                        title=""Copy Tracking Number""
                      > | handleCreatePackingList(r.id)}
                            className=""p-1 hover:bg-secondary rounded-lg text-brand""
                            title=""Create Packing List""
                          > | handleCreatePackingList(r.id)}
                        className=""min-h-[36px] px-3 py-1.5 rounded-lg border border-border text-ink text-xs font-medium""
                      >
                        Packing List | handleExportIndividualPackingListCsv(r.id)}
                            className=""p-1 hover:bg-secondary rounded-lg text-accent""
                            title=""Export Individual Packing List CSV""
                          > | handleGenerateIndividualPackingList(r.id)}
                            className=""p-1 hover:bg-secondary rounded-lg text-accent""
                            title=""Generate Individual Packing List Snapshot""
                          > | handleGenerateInvoice(r.id)}
                              className=""p-1 hover:bg-secondary rounded-lg text-accent""
                              title=""Generate Invoice""
                            > | handleGenerateInvoice(r.id)}
                          className=""min-h-[36px] px-3 py-1.5 rounded-lg border border-accent text-accent text-xs font-medium""
                        >
                          Generate Invoice | handleGenerateReceipt(r.id)}
                              className=""p-1 hover:bg-success-soft rounded-lg text-success""
                              title=""Generate Receipt""
                            > | handleGenerateReceipt(r.id)}
                          className=""min-h-[36px] px-3 py-1.5 rounded-lg border border-success text-success text-xs font-medium""
                        >
                          Generate Receipt | handleHold(r.id, ""Customs inspection"")}
                              className=""p-1 hover:bg-danger-soft rounded-lg text-danger""
                              title=""Hold Goods""
                            > | handleHold(r.id, ""Customs inspection"")}
                          className=""min-h-[36px] px-3 py-1.5 rounded-lg border border-danger text-danger text-xs font-medium""
                        >
                          Hold | handlePrintLabel(r.id)}
                            className=""p-1 hover:bg-secondary rounded-lg text-brand""
                            title=""Print Label""
                          > | handlePrintLabel(r.id)}
                        className=""min-h-[36px] px-3 py-1.5 rounded-lg border border-border text-ink text-xs font-medium""
                      >
                        Print Label | handleRelease(r.id)}
                              className=""p-1 hover:bg-success-soft rounded-lg text-success""
                              title=""Release Goods""
                            > | handleRelease(r.id)}
                          className=""min-h-[36px] px-3 py-1.5 rounded-lg border border-success text-success text-xs font-medium""
                        >
                          Release",,D:\Projects\sahajomy-platform\backend\app\api\v1\cargo_admin\routes.py:2423
SeaBookings,Cargo Company,handleGenerateInvoice,/cargo/sea-bookings,pages/cargo_admin/SeaBookings.jsx,services/api.js,/cargo_admin/sea-bookings/{id}/generate-invoice,POST,"sea_booking_id: str, format: str=Query('both', regex='^(excel|pdf|both)$'), db: Session=Depends(get_db), admin: User=Depends(get_cargo_admin)",inline,FastAPI authenticated/role dependency; inspect handler,API call and route exist; interaction/state parity requires verification,partially implemented,Expose handleGenerateInvoice in the mobile SeaBookings flow,"Export CSV | Print Report | Refresh | Try Again | handleCollect(r.id)}
                              className=""p-1 hover:bg-secondary rounded-lg text-brand""
                              title=""Mark Collected""
                            > | handleCollect(r.id)}
                          className=""min-h-[36px] px-3 py-1.5 rounded-lg border border-brand text-brand text-xs font-medium""
                        >
                          Mark Collected | handleConfirmPayment(r.id)}
                              className=""p-1 hover:bg-success-soft rounded-lg text-success""
                              title=""Confirm Payment""
                            > | handleConfirmPayment(r.id)}
                          className=""min-h-[36px] px-3 py-1.5 rounded-lg border border-success text-success text-xs font-medium""
                        >
                          Confirm Payment | handleCopy(""tracking number"", r.tracking_number || """")}
                            className=""p-1 hover:bg-secondary rounded-lg text-muted""
                            title=""Copy Tracking Number""
                          > | handleCopy(""tracking number"", r.tracking_number || """")}
                        className=""p-2 border border-border rounded-lg text-muted hover:bg-secondary""
                        title=""Copy Tracking Number""
                      > | handleCreatePackingList(r.id)}
                            className=""p-1 hover:bg-secondary rounded-lg text-brand""
                            title=""Create Packing List""
                          > | handleCreatePackingList(r.id)}
                        className=""min-h-[36px] px-3 py-1.5 rounded-lg border border-border text-ink text-xs font-medium""
                      >
                        Packing List | handleExportIndividualPackingListCsv(r.id)}
                            className=""p-1 hover:bg-secondary rounded-lg text-accent""
                            title=""Export Individual Packing List CSV""
                          > | handleGenerateIndividualPackingList(r.id)}
                            className=""p-1 hover:bg-secondary rounded-lg text-accent""
                            title=""Generate Individual Packing List Snapshot""
                          > | handleGenerateInvoice(r.id)}
                              className=""p-1 hover:bg-secondary rounded-lg text-accent""
                              title=""Generate Invoice""
                            > | handleGenerateInvoice(r.id)}
                          className=""min-h-[36px] px-3 py-1.5 rounded-lg border border-accent text-accent text-xs font-medium""
                        >
                          Generate Invoice | handleGenerateReceipt(r.id)}
                              className=""p-1 hover:bg-success-soft rounded-lg text-success""
                              title=""Generate Receipt""
                            > | handleGenerateReceipt(r.id)}
                          className=""min-h-[36px] px-3 py-1.5 rounded-lg border border-success text-success text-xs font-medium""
                        >
                          Generate Receipt | handleHold(r.id, ""Customs inspection"")}
                              className=""p-1 hover:bg-danger-soft rounded-lg text-danger""
                              title=""Hold Goods""
                            > | handleHold(r.id, ""Customs inspection"")}
                          className=""min-h-[36px] px-3 py-1.5 rounded-lg border border-danger text-danger text-xs font-medium""
                        >
                          Hold | handlePrintLabel(r.id)}
                            className=""p-1 hover:bg-secondary rounded-lg text-brand""
                            title=""Print Label""
                          > | handlePrintLabel(r.id)}
                        className=""min-h-[36px] px-3 py-1.5 rounded-lg border border-border text-ink text-xs font-medium""
                      >
                        Print Label | handleRelease(r.id)}
                              className=""p-1 hover:bg-success-soft rounded-lg text-success""
                              title=""Release Goods""
                            > | handleRelease(r.id)}
                          className=""min-h-[36px] px-3 py-1.5 rounded-lg border border-success text-success text-xs font-medium""
                        >
                          Release",,D:\Projects\sahajomy-platform\backend\app\api\v1\cargo_admin\routes.py:2587
SeaBookings,Cargo Company,handleGenerateReceipt,/cargo/sea-bookings,pages/cargo_admin/SeaBookings.jsx,services/api.js,/cargo_admin/sea-bookings/{id}/generate-receipt,POST,"sea_booking_id: str, format: str=Query('both', regex='^(excel|pdf|both)$'), db: Session=Depends(get_db), admin: User=Depends(get_cargo_admin)",inline,FastAPI authenticated/role dependency; inspect handler,API call and route exist; interaction/state parity requires verification,partially implemented,Expose handleGenerateReceipt in the mobile SeaBookings flow,"Export CSV | Print Report | Refresh | Try Again | handleCollect(r.id)}
                              className=""p-1 hover:bg-secondary rounded-lg text-brand""
                              title=""Mark Collected""
                            > | handleCollect(r.id)}
                          className=""min-h-[36px] px-3 py-1.5 rounded-lg border border-brand text-brand text-xs font-medium""
                        >
                          Mark Collected | handleConfirmPayment(r.id)}
                              className=""p-1 hover:bg-success-soft rounded-lg text-success""
                              title=""Confirm Payment""
                            > | handleConfirmPayment(r.id)}
                          className=""min-h-[36px] px-3 py-1.5 rounded-lg border border-success text-success text-xs font-medium""
                        >
                          Confirm Payment | handleCopy(""tracking number"", r.tracking_number || """")}
                            className=""p-1 hover:bg-secondary rounded-lg text-muted""
                            title=""Copy Tracking Number""
                          > | handleCopy(""tracking number"", r.tracking_number || """")}
                        className=""p-2 border border-border rounded-lg text-muted hover:bg-secondary""
                        title=""Copy Tracking Number""
                      > | handleCreatePackingList(r.id)}
                            className=""p-1 hover:bg-secondary rounded-lg text-brand""
                            title=""Create Packing List""
                          > | handleCreatePackingList(r.id)}
                        className=""min-h-[36px] px-3 py-1.5 rounded-lg border border-border text-ink text-xs font-medium""
                      >
                        Packing List | handleExportIndividualPackingListCsv(r.id)}
                            className=""p-1 hover:bg-secondary rounded-lg text-accent""
                            title=""Export Individual Packing List CSV""
                          > | handleGenerateIndividualPackingList(r.id)}
                            className=""p-1 hover:bg-secondary rounded-lg text-accent""
                            title=""Generate Individual Packing List Snapshot""
                          > | handleGenerateInvoice(r.id)}
                              className=""p-1 hover:bg-secondary rounded-lg text-accent""
                              title=""Generate Invoice""
                            > | handleGenerateInvoice(r.id)}
                          className=""min-h-[36px] px-3 py-1.5 rounded-lg border border-accent text-accent text-xs font-medium""
                        >
                          Generate Invoice | handleGenerateReceipt(r.id)}
                              className=""p-1 hover:bg-success-soft rounded-lg text-success""
                              title=""Generate Receipt""
                            > | handleGenerateReceipt(r.id)}
                          className=""min-h-[36px] px-3 py-1.5 rounded-lg border border-success text-success text-xs font-medium""
                        >
                          Generate Receipt | handleHold(r.id, ""Customs inspection"")}
                              className=""p-1 hover:bg-danger-soft rounded-lg text-danger""
                              title=""Hold Goods""
                            > | handleHold(r.id, ""Customs inspection"")}
                          className=""min-h-[36px] px-3 py-1.5 rounded-lg border border-danger text-danger text-xs font-medium""
                        >
                          Hold | handlePrintLabel(r.id)}
                            className=""p-1 hover:bg-secondary rounded-lg text-brand""
                            title=""Print Label""
                          > | handlePrintLabel(r.id)}
                        className=""min-h-[36px] px-3 py-1.5 rounded-lg border border-border text-ink text-xs font-medium""
                      >
                        Print Label | handleRelease(r.id)}
                              className=""p-1 hover:bg-success-soft rounded-lg text-success""
                              title=""Release Goods""
                            > | handleRelease(r.id)}
                          className=""min-h-[36px] px-3 py-1.5 rounded-lg border border-success text-success text-xs font-medium""
                        >
                          Release",,D:\Projects\sahajomy-platform\backend\app\api\v1\cargo_admin\routes.py:2724
SeaBookings,Cargo Company,handleCreatePackingList,/cargo/sea-bookings,pages/cargo_admin/SeaBookings.jsx,services/api.js,/cargo_admin/sea-bookings/{id}/packing-lists,POST,"sea_booking_id: str, body: SeaBookingPackingListCreateRequest, db: Session=Depends(get_db), admin: User=Depends(get_cargo_admin)",inline,FastAPI authenticated/role dependency; inspect handler,none found,missing,Expose handleCreatePackingList in the mobile SeaBookings flow,"Export CSV | Print Report | Refresh | Try Again | handleCollect(r.id)}
                              className=""p-1 hover:bg-secondary rounded-lg text-brand""
                              title=""Mark Collected""
                            > | handleCollect(r.id)}
                          className=""min-h-[36px] px-3 py-1.5 rounded-lg border border-brand text-brand text-xs font-medium""
                        >
                          Mark Collected | handleConfirmPayment(r.id)}
                              className=""p-1 hover:bg-success-soft rounded-lg text-success""
                              title=""Confirm Payment""
                            > | handleConfirmPayment(r.id)}
                          className=""min-h-[36px] px-3 py-1.5 rounded-lg border border-success text-success text-xs font-medium""
                        >
                          Confirm Payment | handleCopy(""tracking number"", r.tracking_number || """")}
                            className=""p-1 hover:bg-secondary rounded-lg text-muted""
                            title=""Copy Tracking Number""
                          > | handleCopy(""tracking number"", r.tracking_number || """")}
                        className=""p-2 border border-border rounded-lg text-muted hover:bg-secondary""
                        title=""Copy Tracking Number""
                      > | handleCreatePackingList(r.id)}
                            className=""p-1 hover:bg-secondary rounded-lg text-brand""
                            title=""Create Packing List""
                          > | handleCreatePackingList(r.id)}
                        className=""min-h-[36px] px-3 py-1.5 rounded-lg border border-border text-ink text-xs font-medium""
                      >
                        Packing List | handleExportIndividualPackingListCsv(r.id)}
                            className=""p-1 hover:bg-secondary rounded-lg text-accent""
                            title=""Export Individual Packing List CSV""
                          > | handleGenerateIndividualPackingList(r.id)}
                            className=""p-1 hover:bg-secondary rounded-lg text-accent""
                            title=""Generate Individual Packing List Snapshot""
                          > | handleGenerateInvoice(r.id)}
                              className=""p-1 hover:bg-secondary rounded-lg text-accent""
                              title=""Generate Invoice""
                            > | handleGenerateInvoice(r.id)}
                          className=""min-h-[36px] px-3 py-1.5 rounded-lg border border-accent text-accent text-xs font-medium""
                        >
                          Generate Invoice | handleGenerateReceipt(r.id)}
                              className=""p-1 hover:bg-success-soft rounded-lg text-success""
                              title=""Generate Receipt""
                            > | handleGenerateReceipt(r.id)}
                          className=""min-h-[36px] px-3 py-1.5 rounded-lg border border-success text-success text-xs font-medium""
                        >
                          Generate Receipt | handleHold(r.id, ""Customs inspection"")}
                              className=""p-1 hover:bg-danger-soft rounded-lg text-danger""
                              title=""Hold Goods""
                            > | handleHold(r.id, ""Customs inspection"")}
                          className=""min-h-[36px] px-3 py-1.5 rounded-lg border border-danger text-danger text-xs font-medium""
                        >
                          Hold | handlePrintLabel(r.id)}
                            className=""p-1 hover:bg-secondary rounded-lg text-brand""
                            title=""Print Label""
                          > | handlePrintLabel(r.id)}
                        className=""min-h-[36px] px-3 py-1.5 rounded-lg border border-border text-ink text-xs font-medium""
                      >
                        Print Label | handleRelease(r.id)}
                              className=""p-1 hover:bg-success-soft rounded-lg text-success""
                              title=""Release Goods""
                            > | handleRelease(r.id)}
                          className=""min-h-[36px] px-3 py-1.5 rounded-lg border border-success text-success text-xs font-medium""
                        >
                          Release",,D:\Projects\sahajomy-platform\backend\app\api\v1\cargo_admin\routes.py:3476
SeaBookings,Cargo Company,response,/cargo/sea-bookings,pages/cargo_admin/SeaBookings.jsx,services/api.js,/cargo_admin/sea-bookings/{id}/packing-lists/individual-report,GET,"sea_booking_id: str, db: Session=Depends(get_db), admin: User=Depends(get_cargo_admin)",inline,FastAPI authenticated/role dependency; inspect handler,none found,missing,Expose response in the mobile SeaBookings flow,"Export CSV | Print Report | Refresh | Try Again | handleCollect(r.id)}
                              className=""p-1 hover:bg-secondary rounded-lg text-brand""
                              title=""Mark Collected""
                            > | handleCollect(r.id)}
                          className=""min-h-[36px] px-3 py-1.5 rounded-lg border border-brand text-brand text-xs font-medium""
                        >
                          Mark Collected | handleConfirmPayment(r.id)}
                              className=""p-1 hover:bg-success-soft rounded-lg text-success""
                              title=""Confirm Payment""
                            > | handleConfirmPayment(r.id)}
                          className=""min-h-[36px] px-3 py-1.5 rounded-lg border border-success text-success text-xs font-medium""
                        >
                          Confirm Payment | handleCopy(""tracking number"", r.tracking_number || """")}
                            className=""p-1 hover:bg-secondary rounded-lg text-muted""
                            title=""Copy Tracking Number""
                          > | handleCopy(""tracking number"", r.tracking_number || """")}
                        className=""p-2 border border-border rounded-lg text-muted hover:bg-secondary""
                        title=""Copy Tracking Number""
                      > | handleCreatePackingList(r.id)}
                            className=""p-1 hover:bg-secondary rounded-lg text-brand""
                            title=""Create Packing List""
                          > | handleCreatePackingList(r.id)}
                        className=""min-h-[36px] px-3 py-1.5 rounded-lg border border-border text-ink text-xs font-medium""
                      >
                        Packing List | handleExportIndividualPackingListCsv(r.id)}
                            className=""p-1 hover:bg-secondary rounded-lg text-accent""
                            title=""Export Individual Packing List CSV""
                          > | handleGenerateIndividualPackingList(r.id)}
                            className=""p-1 hover:bg-secondary rounded-lg text-accent""
                            title=""Generate Individual Packing List Snapshot""
                          > | handleGenerateInvoice(r.id)}
                              className=""p-1 hover:bg-secondary rounded-lg text-accent""
                              title=""Generate Invoice""
                            > | handleGenerateInvoice(r.id)}
                          className=""min-h-[36px] px-3 py-1.5 rounded-lg border border-accent text-accent text-xs font-medium""
                        >
                          Generate Invoice | handleGenerateReceipt(r.id)}
                              className=""p-1 hover:bg-success-soft rounded-lg text-success""
                              title=""Generate Receipt""
                            > | handleGenerateReceipt(r.id)}
                          className=""min-h-[36px] px-3 py-1.5 rounded-lg border border-success text-success text-xs font-medium""
                        >
                          Generate Receipt | handleHold(r.id, ""Customs inspection"")}
                              className=""p-1 hover:bg-danger-soft rounded-lg text-danger""
                              title=""Hold Goods""
                            > | handleHold(r.id, ""Customs inspection"")}
                          className=""min-h-[36px] px-3 py-1.5 rounded-lg border border-danger text-danger text-xs font-medium""
                        >
                          Hold | handlePrintLabel(r.id)}
                            className=""p-1 hover:bg-secondary rounded-lg text-brand""
                            title=""Print Label""
                          > | handlePrintLabel(r.id)}
                        className=""min-h-[36px] px-3 py-1.5 rounded-lg border border-border text-ink text-xs font-medium""
                      >
                        Print Label | handleRelease(r.id)}
                              className=""p-1 hover:bg-success-soft rounded-lg text-success""
                              title=""Release Goods""
                            > | handleRelease(r.id)}
                          className=""min-h-[36px] px-3 py-1.5 rounded-lg border border-success text-success text-xs font-medium""
                        >
                          Release",,D:\Projects\sahajomy-platform\backend\app\api\v1\cargo_admin\routes.py:3721
SeaBookings,Cargo Company,response,/cargo/sea-bookings,pages/cargo_admin/SeaBookings.jsx,services/api.js,/cargo_admin/sea-bookings/{id}/packing-lists/individual-report/export/csv,GET,"sea_booking_id: str, db: Session=Depends(get_db), admin: User=Depends(get_cargo_admin)",inline,FastAPI authenticated/role dependency; inspect handler,none found,missing,Expose response in the mobile SeaBookings flow,"Export CSV | Print Report | Refresh | Try Again | handleCollect(r.id)}
                              className=""p-1 hover:bg-secondary rounded-lg text-brand""
                              title=""Mark Collected""
                            > | handleCollect(r.id)}
                          className=""min-h-[36px] px-3 py-1.5 rounded-lg border border-brand text-brand text-xs font-medium""
                        >
                          Mark Collected | handleConfirmPayment(r.id)}
                              className=""p-1 hover:bg-success-soft rounded-lg text-success""
                              title=""Confirm Payment""
                            > | handleConfirmPayment(r.id)}
                          className=""min-h-[36px] px-3 py-1.5 rounded-lg border border-success text-success text-xs font-medium""
                        >
                          Confirm Payment | handleCopy(""tracking number"", r.tracking_number || """")}
                            className=""p-1 hover:bg-secondary rounded-lg text-muted""
                            title=""Copy Tracking Number""
                          > | handleCopy(""tracking number"", r.tracking_number || """")}
                        className=""p-2 border border-border rounded-lg text-muted hover:bg-secondary""
                        title=""Copy Tracking Number""
                      > | handleCreatePackingList(r.id)}
                            className=""p-1 hover:bg-secondary rounded-lg text-brand""
                            title=""Create Packing List""
                          > | handleCreatePackingList(r.id)}
                        className=""min-h-[36px] px-3 py-1.5 rounded-lg border border-border text-ink text-xs font-medium""
                      >
                        Packing List | handleExportIndividualPackingListCsv(r.id)}
                            className=""p-1 hover:bg-secondary rounded-lg text-accent""
                            title=""Export Individual Packing List CSV""
                          > | handleGenerateIndividualPackingList(r.id)}
                            className=""p-1 hover:bg-secondary rounded-lg text-accent""
                            title=""Generate Individual Packing List Snapshot""
                          > | handleGenerateInvoice(r.id)}
                              className=""p-1 hover:bg-secondary rounded-lg text-accent""
                              title=""Generate Invoice""
                            > | handleGenerateInvoice(r.id)}
                          className=""min-h-[36px] px-3 py-1.5 rounded-lg border border-accent text-accent text-xs font-medium""
                        >
                          Generate Invoice | handleGenerateReceipt(r.id)}
                              className=""p-1 hover:bg-success-soft rounded-lg text-success""
                              title=""Generate Receipt""
                            > | handleGenerateReceipt(r.id)}
                          className=""min-h-[36px] px-3 py-1.5 rounded-lg border border-success text-success text-xs font-medium""
                        >
                          Generate Receipt | handleHold(r.id, ""Customs inspection"")}
                              className=""p-1 hover:bg-danger-soft rounded-lg text-danger""
                              title=""Hold Goods""
                            > | handleHold(r.id, ""Customs inspection"")}
                          className=""min-h-[36px] px-3 py-1.5 rounded-lg border border-danger text-danger text-xs font-medium""
                        >
                          Hold | handlePrintLabel(r.id)}
                            className=""p-1 hover:bg-secondary rounded-lg text-brand""
                            title=""Print Label""
                          > | handlePrintLabel(r.id)}
                        className=""min-h-[36px] px-3 py-1.5 rounded-lg border border-border text-ink text-xs font-medium""
                      >
                        Print Label | handleRelease(r.id)}
                              className=""p-1 hover:bg-success-soft rounded-lg text-success""
                              title=""Release Goods""
                            > | handleRelease(r.id)}
                          className=""min-h-[36px] px-3 py-1.5 rounded-lg border border-success text-success text-xs font-medium""
                        >
                          Release",,D:\Projects\sahajomy-platform\backend\app\api\v1\cargo_admin\routes.py:3731
SeaBookings,Cargo Company,response,/cargo/sea-bookings,pages/cargo_admin/SeaBookings.jsx,services/api.js,/cargo_admin/sea-bookings/{id}/shipping-label,GET,"sea_booking_id: str, db: Session=Depends(get_db), admin: User=Depends(get_cargo_admin)",inline,FastAPI authenticated/role dependency; inspect handler,none found,missing,Expose response in the mobile SeaBookings flow,"Export CSV | Print Report | Refresh | Try Again | handleCollect(r.id)}
                              className=""p-1 hover:bg-secondary rounded-lg text-brand""
                              title=""Mark Collected""
                            > | handleCollect(r.id)}
                          className=""min-h-[36px] px-3 py-1.5 rounded-lg border border-brand text-brand text-xs font-medium""
                        >
                          Mark Collected | handleConfirmPayment(r.id)}
                              className=""p-1 hover:bg-success-soft rounded-lg text-success""
                              title=""Confirm Payment""
                            > | handleConfirmPayment(r.id)}
                          className=""min-h-[36px] px-3 py-1.5 rounded-lg border border-success text-success text-xs font-medium""
                        >
                          Confirm Payment | handleCopy(""tracking number"", r.tracking_number || """")}
                            className=""p-1 hover:bg-secondary rounded-lg text-muted""
                            title=""Copy Tracking Number""
                          > | handleCopy(""tracking number"", r.tracking_number || """")}
                        className=""p-2 border border-border rounded-lg text-muted hover:bg-secondary""
                        title=""Copy Tracking Number""
                      > | handleCreatePackingList(r.id)}
                            className=""p-1 hover:bg-secondary rounded-lg text-brand""
                            title=""Create Packing List""
                          > | handleCreatePackingList(r.id)}
                        className=""min-h-[36px] px-3 py-1.5 rounded-lg border border-border text-ink text-xs font-medium""
                      >
                        Packing List | handleExportIndividualPackingListCsv(r.id)}
                            className=""p-1 hover:bg-secondary rounded-lg text-accent""
                            title=""Export Individual Packing List CSV""
                          > | handleGenerateIndividualPackingList(r.id)}
                            className=""p-1 hover:bg-secondary rounded-lg text-accent""
                            title=""Generate Individual Packing List Snapshot""
                          > | handleGenerateInvoice(r.id)}
                              className=""p-1 hover:bg-secondary rounded-lg text-accent""
                              title=""Generate Invoice""
                            > | handleGenerateInvoice(r.id)}
                          className=""min-h-[36px] px-3 py-1.5 rounded-lg border border-accent text-accent text-xs font-medium""
                        >
                          Generate Invoice | handleGenerateReceipt(r.id)}
                              className=""p-1 hover:bg-success-soft rounded-lg text-success""
                              title=""Generate Receipt""
                            > | handleGenerateReceipt(r.id)}
                          className=""min-h-[36px] px-3 py-1.5 rounded-lg border border-success text-success text-xs font-medium""
                        >
                          Generate Receipt | handleHold(r.id, ""Customs inspection"")}
                              className=""p-1 hover:bg-danger-soft rounded-lg text-danger""
                              title=""Hold Goods""
                            > | handleHold(r.id, ""Customs inspection"")}
                          className=""min-h-[36px] px-3 py-1.5 rounded-lg border border-danger text-danger text-xs font-medium""
                        >
                          Hold | handlePrintLabel(r.id)}
                            className=""p-1 hover:bg-secondary rounded-lg text-brand""
                            title=""Print Label""
                          > | handlePrintLabel(r.id)}
                        className=""min-h-[36px] px-3 py-1.5 rounded-lg border border-border text-ink text-xs font-medium""
                      >
                        Print Label | handleRelease(r.id)}
                              className=""p-1 hover:bg-success-soft rounded-lg text-success""
                              title=""Release Goods""
                            > | handleRelease(r.id)}
                          className=""min-h-[36px] px-3 py-1.5 rounded-lg border border-success text-success text-xs font-medium""
                        >
                          Release",,D:\Projects\sahajomy-platform\backend\app\api\v1\cargo_admin\routes.py:1900
ShipmentOrders,Cargo Company,params,/cargo/shipment-orders,pages/cargo_admin/ShipmentOrders.jsx,services/api.js,/cargo_admin/shipment-orders,GET,"skip: int=0, limit: int=100, status_filter: Optional[str]=Query(default=None, alias='status'), current_user: User=Depends(get_current_cargo_admin_user), db: Session=Depends(get_db)",List[ShipmentOrderResponse],FastAPI authenticated/role dependency; inspect handler,API call exists without verified page/action parity,partially implemented,Expose params in the mobile ShipmentOrders flow,"Back to all orders | Clear filter | runOperation(order.id, currentStage.skip_action)}
                                  className=""mt-2 inline-flex w-full items-center justify-center gap-2 rounded-lg border border-dashed border-border px-3 py-2 text-xs font-medium text-muted hover:border-accent hover:text-accent hover:bg-accent-soft transition""
                                >
                                  ⏭️ Skip this stage | runOperation(order.id, currentStage.skip_action)}
                                  className=""mt-4 inline-flex w-full items-center justify-center gap-2 rounded-lg border border-dashed border-border px-3 py-2 text-xs font-medium text-muted hover:border-accent hover:text-accent hover:bg-accent-soft transition""
                                >
                                  ⏭️ Skip this stage",,D:\Projects\sahajomy-platform\backend\app\api\v1\cargo_admin\shipment_orders.py:166
ShipmentOrders,Cargo Company,params,/cargo/shipment-orders,pages/cargo_admin/ShipmentOrders.jsx,services/api.js,/cargo_admin/shipment-orders,GET,"skip: int=0, limit: int=100, status_filter: Optional[str]=Query(default=None, alias='status'), current_user: User=Depends(get_current_cargo_admin_user), db: Session=Depends(get_db)",List[ShipmentOrderResponse],FastAPI authenticated/role dependency; inspect handler,API call exists without verified page/action parity,partially implemented,Expose params in the mobile ShipmentOrders flow,"Back to all orders | Clear filter | runOperation(order.id, currentStage.skip_action)}
                                  className=""mt-2 inline-flex w-full items-center justify-center gap-2 rounded-lg border border-dashed border-border px-3 py-2 text-xs font-medium text-muted hover:border-accent hover:text-accent hover:bg-accent-soft transition""
                                >
                                  ⏭️ Skip this stage | runOperation(order.id, currentStage.skip_action)}
                                  className=""mt-4 inline-flex w-full items-center justify-center gap-2 rounded-lg border border-dashed border-border px-3 py-2 text-xs font-medium text-muted hover:border-accent hover:text-accent hover:bg-accent-soft transition""
                                >
                                  ⏭️ Skip this stage",,D:\Projects\sahajomy-platform\backend\app\api\v1\cargo_admin\shipment_orders.py:166
ShipmentOrders,Cargo Company,res,/cargo/shipment-orders,pages/cargo_admin/ShipmentOrders.jsx,services/api.js,/tracking/shipment_order/{id},GET,"entity_type: str, entity_id: str, db: Session=DB_SESSION, current_user: User=AUTHENTICATED_USER",inline,FastAPI authenticated/role dependency; inspect handler,none found,missing,Expose res in the mobile ShipmentOrders flow,"Back to all orders | Clear filter | runOperation(order.id, currentStage.skip_action)}
                                  className=""mt-2 inline-flex w-full items-center justify-center gap-2 rounded-lg border border-dashed border-border px-3 py-2 text-xs font-medium text-muted hover:border-accent hover:text-accent hover:bg-accent-soft transition""
                                >
                                  ⏭️ Skip this stage | runOperation(order.id, currentStage.skip_action)}
                                  className=""mt-4 inline-flex w-full items-center justify-center gap-2 rounded-lg border border-dashed border-border px-3 py-2 text-xs font-medium text-muted hover:border-accent hover:text-accent hover:bg-accent-soft transition""
                                >
                                  ⏭️ Skip this stage",,D:\Projects\sahajomy-platform\backend\app\api\v1\tracking.py:494
ShipmentOrders,Cargo Company,response,/cargo/shipment-orders,pages/cargo_admin/ShipmentOrders.jsx,services/api.js,/cargo_admin/shipment-orders/{id}/operations,POST,"shipment_order_id: UUID, body: ShipmentOperationUpdate, current_user: User=Depends(get_current_cargo_admin_user), db: Session=Depends(get_db)",ShipmentOrderResponse,FastAPI authenticated/role dependency; inspect handler,none found,missing,Expose response in the mobile ShipmentOrders flow,"Back to all orders | Clear filter | runOperation(order.id, currentStage.skip_action)}
                                  className=""mt-2 inline-flex w-full items-center justify-center gap-2 rounded-lg border border-dashed border-border px-3 py-2 text-xs font-medium text-muted hover:border-accent hover:text-accent hover:bg-accent-soft transition""
                                >
                                  ⏭️ Skip this stage | runOperation(order.id, currentStage.skip_action)}
                                  className=""mt-4 inline-flex w-full items-center justify-center gap-2 rounded-lg border border-dashed border-border px-3 py-2 text-xs font-medium text-muted hover:border-accent hover:text-accent hover:bg-accent-soft transition""
                                >
                                  ⏭️ Skip this stage",,D:\Projects\sahajomy-platform\backend\app\api\v1\cargo_admin\shipment_orders.py:291
StaffBranches,Cargo Company,Present page content / navigation,/cargo/settings/staff-branches,pages/cargo_admin/StaffBranches.jsx,none,none,none,none,none,public or route guard,none,missing,Mobile page and all navigation actions,Add or invite staff | Create branch,,
TrackShipments,Cargo Company,loadAllShipments,/cargo/track-shipments,pages/cargo_admin/TrackShipments.jsx,services/api.js,/tracking/admin/containers,GET,"status_filter: Optional[str]=Query(default=None, alias='status'), db: Session=DB_SESSION, current_user: User=CARGO_ADMIN_USER",inline,FastAPI authenticated/role dependency; inspect handler,none found,missing,Expose loadAllShipments in the mobile TrackShipments flow,Retry,,D:\Projects\sahajomy-platform\backend\app\api\v1\tracking.py:249
TrackShipments,Cargo Company,loadAllShipments,/cargo/track-shipments,pages/cargo_admin/TrackShipments.jsx,services/api.js,/tracking/admin/sea-bookings,GET,"status_filter: Optional[str]=Query(default=None, alias='status'), db: Session=DB_SESSION, current_user: User=CARGO_ADMIN_USER",inline,FastAPI authenticated/role dependency; inspect handler,none found,missing,Expose loadAllShipments in the mobile TrackShipments flow,Retry,,D:\Projects\sahajomy-platform\backend\app\api\v1\tracking.py:276
TrackShipments,Cargo Company,loadAllShipments,/cargo/track-shipments,pages/cargo_admin/TrackShipments.jsx,services/api.js,/tracking/admin/bookings,GET,"status_filter: Optional[str]=Query(default=None, alias='status'), db: Session=DB_SESSION, current_user: User=CARGO_ADMIN_USER",inline,FastAPI authenticated/role dependency; inspect handler,none found,missing,Expose loadAllShipments in the mobile TrackShipments flow,Retry,,D:\Projects\sahajomy-platform\backend\app\api\v1\tracking.py:308
TrackShipments,Cargo Company,loadAllShipments,/cargo/track-shipments,pages/cargo_admin/TrackShipments.jsx,services/api.js,/tracking/admin/shipment_orders,GET,"status_filter: Optional[str]=Query(default=None, alias='status'), db: Session=DB_SESSION, current_user: User=CARGO_ADMIN_USER",inline,FastAPI authenticated/role dependency; inspect handler,API call exists without verified page/action parity,partially implemented,Expose loadAllShipments in the mobile TrackShipments flow,Retry,,D:\Projects\sahajomy-platform\backend\app\api\v1\tracking.py:337
UnifiedPackingLists,Cargo Company,loadStats,/cargo/documentationworkspace | /cargo/documentationworkspace/packing-lists | /cargo/documentationworkspace/manual-cargo-intake | /cargo/documentationworkspace/customers,pages/cargo_admin/UnifiedPackingLists.jsx,services/api.js,/cargo_admin/customs-packing-lists,GET,"status: Optional[Literal['draft', 'finalized', 'cancelled']]=None, search: Optional[str]=None, db: Session=Depends(get_db), admin: User=Depends(get_cargo_admin)",inline,FastAPI authenticated/role dependency; inspect handler,API call exists without verified page/action parity,partially implemented,Expose loadStats in the mobile UnifiedPackingLists flow,,,D:\Projects\sahajomy-platform\backend\app\api\v1\cargo_admin\customs.py:902
UnifiedPackingLists,Cargo Company,loadStats,/cargo/documentationworkspace | /cargo/documentationworkspace/packing-lists | /cargo/documentationworkspace/manual-cargo-intake | /cargo/documentationworkspace/customers,pages/cargo_admin/UnifiedPackingLists.jsx,services/api.js,/cargo_admin/manual-cargo-intakes,GET,"status: Optional[Literal['draft', 'received', 'ready_for_packing_list', 'finalized', 'cancelled']]=None, cargo_type: Optional[Literal['sea', 'air']]=None, search: Optional[str]=None, db: Session=Depends(get_db), admin: User=Depends(get_cargo_admin)",inline,FastAPI authenticated/role dependency; inspect handler,none found,missing,Expose loadStats in the mobile UnifiedPackingLists flow,,,D:\Projects\sahajomy-platform\backend\app\api\v1\cargo_admin\customs.py:773
UnifiedPackingLists,Cargo Company,loadStats,/cargo/documentationworkspace | /cargo/documentationworkspace/packing-lists | /cargo/documentationworkspace/manual-cargo-intake | /cargo/documentationworkspace/customers,pages/cargo_admin/UnifiedPackingLists.jsx,services/api.js,/cargo_admin/customers,GET,"search: Optional[str]=None, status: Optional[Literal['active', 'inactive']]=None, db: Session=Depends(get_db), admin: User=Depends(get_cargo_admin)",inline,FastAPI authenticated/role dependency; inspect handler,API call exists without verified page/action parity,partially implemented,Expose loadStats in the mobile UnifiedPackingLists flow,,,D:\Projects\sahajomy-platform\backend\app\api\v1\cargo_admin\customs.py:352
WarehouseAutomation,Cargo Company,statusResponse,/cargo/warehouse-automation,pages/cargo_admin/WarehouseAutomation.jsx,services/api.js,/cargo_admin/warehouse-automation/status,GET,"db: Session=Depends(get_db), admin: User=Depends(get_cargo_admin)",inline,FastAPI authenticated/role dependency; inspect handler,API call exists without verified page/action parity,partially implemented,Expose statusResponse in the mobile WarehouseAutomation flow,"Confirm Physical Handover | copy(generated.access_url)} className=""mt-3 inline-flex items-center gap-1 text-sm font-semibold text-accent"">Copy access link | revokeQr(warehouse.id)} className=""app-button-secondary inline-flex items-center gap-2 px-3 py-2 text-sm text-danger"">Revoke | updateReadiness(row, 'paid', 'ready')} className=""shrink-0 text-xs font-semibold text-accent"">Mark paid & ready | updateReadiness(row, 'paid', 'ready')} className=""text-xs font-semibold text-accent"">Mark paid & ready | updateReadiness(row, 'unpaid', 'not_ready')} className=""shrink-0 text-xs font-semibold text-danger"">Remove ready | updateReadiness(row, 'unpaid', 'not_ready')} className=""text-xs font-semibold text-danger"">Remove readiness",,D:\Projects\sahajomy-platform\backend\app\api\v1\warehouse_automation.py:208
WarehouseAutomation,Cargo Company,warehouses,/cargo/warehouse-automation,pages/cargo_admin/WarehouseAutomation.jsx,services/api.js,/cargo_admin/warehouse-automation/operations,GET,"db: Session=Depends(get_db), admin: User=Depends(get_cargo_admin)",inline,FastAPI authenticated/role dependency; inspect handler,none found,missing,Expose warehouses in the mobile WarehouseAutomation flow,"Confirm Physical Handover | copy(generated.access_url)} className=""mt-3 inline-flex items-center gap-1 text-sm font-semibold text-accent"">Copy access link | revokeQr(warehouse.id)} className=""app-button-secondary inline-flex items-center gap-2 px-3 py-2 text-sm text-danger"">Revoke | updateReadiness(row, 'paid', 'ready')} className=""shrink-0 text-xs font-semibold text-accent"">Mark paid & ready | updateReadiness(row, 'paid', 'ready')} className=""text-xs font-semibold text-accent"">Mark paid & ready | updateReadiness(row, 'unpaid', 'not_ready')} className=""shrink-0 text-xs font-semibold text-danger"">Remove ready | updateReadiness(row, 'unpaid', 'not_ready')} className=""text-xs font-semibold text-danger"">Remove readiness",,D:\Projects\sahajomy-platform\backend\app\api\v1\warehouse_automation.py:215
WarehouseAutomation,Cargo Company,warehouses,/cargo/warehouse-automation,pages/cargo_admin/WarehouseAutomation.jsx,services/api.js,/cargo_admin/customers,GET,"search: Optional[str]=None, status: Optional[Literal['active', 'inactive']]=None, db: Session=Depends(get_db), admin: User=Depends(get_cargo_admin)",inline,FastAPI authenticated/role dependency; inspect handler,API call exists without verified page/action parity,partially implemented,Expose warehouses in the mobile WarehouseAutomation flow,"Confirm Physical Handover | copy(generated.access_url)} className=""mt-3 inline-flex items-center gap-1 text-sm font-semibold text-accent"">Copy access link | revokeQr(warehouse.id)} className=""app-button-secondary inline-flex items-center gap-2 px-3 py-2 text-sm text-danger"">Revoke | updateReadiness(row, 'paid', 'ready')} className=""shrink-0 text-xs font-semibold text-accent"">Mark paid & ready | updateReadiness(row, 'paid', 'ready')} className=""text-xs font-semibold text-accent"">Mark paid & ready | updateReadiness(row, 'unpaid', 'not_ready')} className=""shrink-0 text-xs font-semibold text-danger"">Remove ready | updateReadiness(row, 'unpaid', 'not_ready')} className=""text-xs font-semibold text-danger"">Remove readiness",,D:\Projects\sahajomy-platform\backend\app\api\v1\cargo_admin\customs.py:352
WarehouseAutomation,Cargo Company,response,/cargo/warehouse-automation,pages/cargo_admin/WarehouseAutomation.jsx,services/api.js,/cargo_admin/warehouse-automation/warehouses/{id}/access-token,POST,"warehouse_id: UUID, db: Session=Depends(get_db), admin: User=Depends(get_cargo_admin)",inline,FastAPI authenticated/role dependency; inspect handler,API call exists without verified page/action parity,partially implemented,Expose response in the mobile WarehouseAutomation flow,"Confirm Physical Handover | copy(generated.access_url)} className=""mt-3 inline-flex items-center gap-1 text-sm font-semibold text-accent"">Copy access link | revokeQr(warehouse.id)} className=""app-button-secondary inline-flex items-center gap-2 px-3 py-2 text-sm text-danger"">Revoke | updateReadiness(row, 'paid', 'ready')} className=""shrink-0 text-xs font-semibold text-accent"">Mark paid & ready | updateReadiness(row, 'paid', 'ready')} className=""text-xs font-semibold text-accent"">Mark paid & ready | updateReadiness(row, 'unpaid', 'not_ready')} className=""shrink-0 text-xs font-semibold text-danger"">Remove ready | updateReadiness(row, 'unpaid', 'not_ready')} className=""text-xs font-semibold text-danger"">Remove readiness",,D:\Projects\sahajomy-platform\backend\app\api\v1\warehouse_automation.py:234
WarehouseAutomation,Cargo Company,revokeQr,/cargo/warehouse-automation,pages/cargo_admin/WarehouseAutomation.jsx,services/api.js,/cargo_admin/warehouse-automation/warehouses/{id}/access-token,DELETE,"warehouse_id: UUID, db: Session=Depends(get_db), admin: User=Depends(get_cargo_admin)",inline,FastAPI authenticated/role dependency; inspect handler,API call exists without verified page/action parity,partially implemented,Expose revokeQr in the mobile WarehouseAutomation flow,"Confirm Physical Handover | copy(generated.access_url)} className=""mt-3 inline-flex items-center gap-1 text-sm font-semibold text-accent"">Copy access link | revokeQr(warehouse.id)} className=""app-button-secondary inline-flex items-center gap-2 px-3 py-2 text-sm text-danger"">Revoke | updateReadiness(row, 'paid', 'ready')} className=""shrink-0 text-xs font-semibold text-accent"">Mark paid & ready | updateReadiness(row, 'paid', 'ready')} className=""text-xs font-semibold text-accent"">Mark paid & ready | updateReadiness(row, 'unpaid', 'not_ready')} className=""shrink-0 text-xs font-semibold text-danger"">Remove ready | updateReadiness(row, 'unpaid', 'not_ready')} className=""text-xs font-semibold text-danger"">Remove readiness",,D:\Projects\sahajomy-platform\backend\app\api\v1\warehouse_automation.py:247
WarehouseAutomation,Cargo Company,response,/cargo/warehouse-automation,pages/cargo_admin/WarehouseAutomation.jsx,services/api.js,/cargo_admin/warehouse-automation/intake/match,POST,"body: ScanMatchInput, db: Session=Depends(get_db), admin: User=Depends(get_cargo_admin)",inline,FastAPI authenticated/role dependency; inspect handler,API call exists without verified page/action parity,partially implemented,Expose response in the mobile WarehouseAutomation flow,"Confirm Physical Handover | copy(generated.access_url)} className=""mt-3 inline-flex items-center gap-1 text-sm font-semibold text-accent"">Copy access link | revokeQr(warehouse.id)} className=""app-button-secondary inline-flex items-center gap-2 px-3 py-2 text-sm text-danger"">Revoke | updateReadiness(row, 'paid', 'ready')} className=""shrink-0 text-xs font-semibold text-accent"">Mark paid & ready | updateReadiness(row, 'paid', 'ready')} className=""text-xs font-semibold text-accent"">Mark paid & ready | updateReadiness(row, 'unpaid', 'not_ready')} className=""shrink-0 text-xs font-semibold text-danger"">Remove ready | updateReadiness(row, 'unpaid', 'not_ready')} className=""text-xs font-semibold text-danger"">Remove readiness",,D:\Projects\sahajomy-platform\backend\app\api\v1\warehouse_automation.py:257
WarehouseAutomation,Cargo Company,confirmIntake,/cargo/warehouse-automation,pages/cargo_admin/WarehouseAutomation.jsx,services/api.js,/cargo_admin/warehouse-automation/intake/confirm,POST,"body: ConfirmIntakeInput, db: Session=Depends(get_db), admin: User=Depends(get_cargo_admin)",inline,FastAPI authenticated/role dependency; inspect handler,API call exists without verified page/action parity,partially implemented,Expose confirmIntake in the mobile WarehouseAutomation flow,"Confirm Physical Handover | copy(generated.access_url)} className=""mt-3 inline-flex items-center gap-1 text-sm font-semibold text-accent"">Copy access link | revokeQr(warehouse.id)} className=""app-button-secondary inline-flex items-center gap-2 px-3 py-2 text-sm text-danger"">Revoke | updateReadiness(row, 'paid', 'ready')} className=""shrink-0 text-xs font-semibold text-accent"">Mark paid & ready | updateReadiness(row, 'paid', 'ready')} className=""text-xs font-semibold text-accent"">Mark paid & ready | updateReadiness(row, 'unpaid', 'not_ready')} className=""shrink-0 text-xs font-semibold text-danger"">Remove ready | updateReadiness(row, 'unpaid', 'not_ready')} className=""text-xs font-semibold text-danger"">Remove readiness",,D:\Projects\sahajomy-platform\backend\app\api\v1\warehouse_automation.py:323
WarehouseAutomation,Cargo Company,updateReadiness,/cargo/warehouse-automation,pages/cargo_admin/WarehouseAutomation.jsx,services/api.js,/cargo_admin/warehouse-automation/intakes/{id}/collection-readiness,PATCH,"intake_id: UUID, body: CollectionReadinessInput, db: Session=Depends(get_db), admin: User=Depends(get_cargo_admin)",inline,FastAPI authenticated/role dependency; inspect handler,API call exists without verified page/action parity,partially implemented,Expose updateReadiness in the mobile WarehouseAutomation flow,"Confirm Physical Handover | copy(generated.access_url)} className=""mt-3 inline-flex items-center gap-1 text-sm font-semibold text-accent"">Copy access link | revokeQr(warehouse.id)} className=""app-button-secondary inline-flex items-center gap-2 px-3 py-2 text-sm text-danger"">Revoke | updateReadiness(row, 'paid', 'ready')} className=""shrink-0 text-xs font-semibold text-accent"">Mark paid & ready | updateReadiness(row, 'paid', 'ready')} className=""text-xs font-semibold text-accent"">Mark paid & ready | updateReadiness(row, 'unpaid', 'not_ready')} className=""shrink-0 text-xs font-semibold text-danger"">Remove ready | updateReadiness(row, 'unpaid', 'not_ready')} className=""text-xs font-semibold text-danger"">Remove readiness",,D:\Projects\sahajomy-platform\backend\app\api\v1\warehouse_automation.py:376
WarehouseAutomation,Cargo Company,response,/cargo/warehouse-automation,pages/cargo_admin/WarehouseAutomation.jsx,services/api.js,/cargo_admin/warehouse-automation/collection/verify,POST,"body: CollectionCodeInput, db: Session=Depends(get_db), admin: User=Depends(get_cargo_admin)",inline,FastAPI authenticated/role dependency; inspect handler,API call exists without verified page/action parity,partially implemented,Expose response in the mobile WarehouseAutomation flow,"Confirm Physical Handover | copy(generated.access_url)} className=""mt-3 inline-flex items-center gap-1 text-sm font-semibold text-accent"">Copy access link | revokeQr(warehouse.id)} className=""app-button-secondary inline-flex items-center gap-2 px-3 py-2 text-sm text-danger"">Revoke | updateReadiness(row, 'paid', 'ready')} className=""shrink-0 text-xs font-semibold text-accent"">Mark paid & ready | updateReadiness(row, 'paid', 'ready')} className=""text-xs font-semibold text-accent"">Mark paid & ready | updateReadiness(row, 'unpaid', 'not_ready')} className=""shrink-0 text-xs font-semibold text-danger"">Remove ready | updateReadiness(row, 'unpaid', 'not_ready')} className=""text-xs font-semibold text-danger"">Remove readiness",,D:\Projects\sahajomy-platform\backend\app\api\v1\warehouse_automation.py:466
WarehouseAutomation,Cargo Company,confirmCollection,/cargo/warehouse-automation,pages/cargo_admin/WarehouseAutomation.jsx,services/api.js,/cargo_admin/warehouse-automation/collection/{id}/confirm,POST,"request_id: UUID, body: CollectionCodeInput, db: Session=Depends(get_db), admin: User=Depends(get_cargo_admin)",inline,FastAPI authenticated/role dependency; inspect handler,API call exists without verified page/action parity,partially implemented,Expose confirmCollection in the mobile WarehouseAutomation flow,"Confirm Physical Handover | copy(generated.access_url)} className=""mt-3 inline-flex items-center gap-1 text-sm font-semibold text-accent"">Copy access link | revokeQr(warehouse.id)} className=""app-button-secondary inline-flex items-center gap-2 px-3 py-2 text-sm text-danger"">Revoke | updateReadiness(row, 'paid', 'ready')} className=""shrink-0 text-xs font-semibold text-accent"">Mark paid & ready | updateReadiness(row, 'paid', 'ready')} className=""text-xs font-semibold text-accent"">Mark paid & ready | updateReadiness(row, 'unpaid', 'not_ready')} className=""shrink-0 text-xs font-semibold text-danger"">Remove ready | updateReadiness(row, 'unpaid', 'not_ready')} className=""text-xs font-semibold text-danger"">Remove readiness",,D:\Projects\sahajomy-platform\backend\app\api\v1\warehouse_automation.py:473
Warehouses,Cargo Company,response,/cargo/warehouses,pages/cargo_admin/Warehouses.jsx,services/api.js,/cargo_admin/warehouses,GET,"db: Session=Depends(get_db), admin: User=Depends(get_cargo_admin)",List[WarehouseResponse],FastAPI authenticated/role dependency; inspect handler,API call and route exist; interaction/state parity requires verification,partially implemented,Expose response in the mobile Warehouses flow,"Cancel | Refresh | handleDelete(w.id)}
                            className=""p-2 hover:bg-danger-soft rounded-lg transition-colors""
                            title=""Delete""
                          > | handleEdit(w)}
                            className=""p-2 hover:bg-secondary rounded-lg transition-colors""
                            title=""Edit""
                          > | setError("""")} className=""text-danger hover:text-danger""> | setSuccess("""")} className=""text-success hover:text-success"">",,D:\Projects\sahajomy-platform\backend\app\api\v1\cargo_admin\routes.py:658
Warehouses,Cargo Company,PATCH /cargo_admin/warehouses/{id},/cargo/warehouses,pages/cargo_admin/Warehouses.jsx,services/api.js,/cargo_admin/warehouses/{id},PATCH,"warehouse_id: str, body: WarehouseCreate, db: Session=Depends(get_db), admin: User=Depends(get_cargo_admin)",WarehouseResponse,FastAPI authenticated/role dependency; inspect handler,API call and route exist; interaction/state parity requires verification,partially implemented,Expose patch in the mobile Warehouses flow,"Cancel | Refresh | handleDelete(w.id)}
                            className=""p-2 hover:bg-danger-soft rounded-lg transition-colors""
                            title=""Delete""
                          > | handleEdit(w)}
                            className=""p-2 hover:bg-secondary rounded-lg transition-colors""
                            title=""Edit""
                          > | setError("""")} className=""text-danger hover:text-danger""> | setSuccess("""")} className=""text-success hover:text-success"">",,D:\Projects\sahajomy-platform\backend\app\api\v1\cargo_admin\routes.py:782
Warehouses,Cargo Company,POST /cargo_admin/warehouses,/cargo/warehouses,pages/cargo_admin/Warehouses.jsx,services/api.js,/cargo_admin/warehouses,POST,"body: WarehouseCreate, db: Session=Depends(get_db), admin: User=Depends(get_cargo_admin)",WarehouseResponse,FastAPI authenticated/role dependency; inspect handler,API call and route exist; interaction/state parity requires verification,partially implemented,Expose post in the mobile Warehouses flow,"Cancel | Refresh | handleDelete(w.id)}
                            className=""p-2 hover:bg-danger-soft rounded-lg transition-colors""
                            title=""Delete""
                          > | handleEdit(w)}
                            className=""p-2 hover:bg-secondary rounded-lg transition-colors""
                            title=""Edit""
                          > | setError("""")} className=""text-danger hover:text-danger""> | setSuccess("""")} className=""text-success hover:text-success"">",,D:\Projects\sahajomy-platform\backend\app\api\v1\cargo_admin\routes.py:674
Warehouses,Cargo Company,handleDelete,/cargo/warehouses,pages/cargo_admin/Warehouses.jsx,services/api.js,/cargo_admin/warehouses/{id},DELETE,"warehouse_id: str, db: Session=Depends(get_db), admin: User=Depends(get_cargo_admin)",inline,FastAPI authenticated/role dependency; inspect handler,none found,missing,Expose handleDelete in the mobile Warehouses flow,"Cancel | Refresh | handleDelete(w.id)}
                            className=""p-2 hover:bg-danger-soft rounded-lg transition-colors""
                            title=""Delete""
                          > | handleEdit(w)}
                            className=""p-2 hover:bg-secondary rounded-lg transition-colors""
                            title=""Edit""
                          > | setError("""")} className=""text-danger hover:text-danger""> | setSuccess("""")} className=""text-success hover:text-success"">",,D:\Projects\sahajomy-platform\backend\app\api\v1\cargo_admin\routes.py:820
ShipmentOrderForm,Customer,fetchData,component/subflow,pages/customer/components/ShipmentOrderForm.jsx,services/api.js,/customer/sea-bookings,GET,"db: Session=Depends(get_db), customer: User=Depends(get_customer)",inline,FastAPI authenticated/role dependency; inspect handler,API call exists without verified page/action parity,partially implemented,Expose fetchData in the mobile ShipmentOrderForm flow,Cancel,,D:\Projects\sahajomy-platform\backend\app\api\v1\customer\routes.py:974
ShipmentOrderForm,Customer,fetchData,component/subflow,pages/customer/components/ShipmentOrderForm.jsx,services/api.js,/customer/air-bookings,GET,"api.get('/customer/air-bookings')         ]);          setAvailableSeaBookings(seaBookingsRes.data);         setAvailableBookings(bookingsRes.data);       } catch (err) {         console.error('Failed to fetch seaBookings/bookings:', err);       }  ",No registered backend handler matched,unmatched,none found,missing,Expose fetchData in the mobile ShipmentOrderForm flow,Cancel,Web call did not match a registered FastAPI operation; review stale path/router composition,
ShipmentOrderForm,Customer,submitData,component/subflow,pages/customer/components/ShipmentOrderForm.jsx,services/api.js,/customer/shipment-orders/{id},PUT,"shipment_order_id: UUID, shipment_order_update: ShipmentOrderUpdate, current_user: User=Depends(get_current_customer_user), db: Session=Depends(get_db)",ShipmentOrderResponse,FastAPI authenticated/role dependency; inspect handler,none found,missing,Expose submitData in the mobile ShipmentOrderForm flow,Cancel,,D:\Projects\sahajomy-platform\backend\app\api\v1\customer\shipment_orders.py:340
ShipmentOrderForm,Customer,submitData,component/subflow,pages/customer/components/ShipmentOrderForm.jsx,services/api.js,/customer/shipment-orders,POST,"shipment_order: ShipmentOrderCreate, current_user: User=Depends(get_current_customer_user), db: Session=Depends(get_db)",ShipmentOrderResponse,FastAPI authenticated/role dependency; inspect handler,none found,missing,Expose submitData in the mobile ShipmentOrderForm flow,Cancel,,D:\Projects\sahajomy-platform\backend\app\api\v1\customer\shipment_orders.py:39
ShipmentOrdersList,Customer,response,component/subflow,pages/customer/components/ShipmentOrdersList.jsx,services/api.js,/customer/shipment-orders,GET,"skip: int=0, limit: int=100, current_user: User=Depends(get_current_customer_user), db: Session=Depends(get_db)",List[ShipmentOrderResponse],FastAPI authenticated/role dependency; inspect handler,API call exists without verified page/action parity,partially implemented,Expose response in the mobile ShipmentOrdersList flow,"onDelete(order)}
                className=""p-2 text-danger hover:bg-danger-soft rounded-md""
                title=""Delete order""
              > | onEdit(order)}
                className=""p-2 text-accent hover:bg-accent-soft rounded-md""
                title=""Edit order""
              >",,D:\Projects\sahajomy-platform\backend\app\api\v1\customer\shipment_orders.py:306
Containers,Customer,GET /forwarding/china-addresses,/customer/containers,pages/customer/Containers.jsx,services/api.js,/forwarding/china-addresses,GET,"db: Session=Depends(get_db), user: User=Depends(get_booking_user)",inline,FastAPI authenticated/role dependency; inspect handler,none found,missing,Expose get in the mobile Containers flow,"Book another shipment | Cancel | Change service | refreshContainers()}
              className=""app-button-primary mt-4""
            >
              Check Again | refreshContainers()}
            className=""app-button-primary flex items-center gap-2 mx-auto""
          >
            
            Retry",,D:\Projects\sahajomy-platform\backend\app\api\v1\forwarding.py:135
Containers,Customer,res,/customer/containers,pages/customer/Containers.jsx,services/api.js,/customer/express-air-cargo/upload-photo,POST,"file: UploadFile=File(...), customer: User=Depends(get_customer)",inline,FastAPI authenticated/role dependency; inspect handler,none found,missing,Expose res in the mobile Containers flow,"Book another shipment | Cancel | Change service | refreshContainers()}
              className=""app-button-primary mt-4""
            >
              Check Again | refreshContainers()}
            className=""app-button-primary flex items-center gap-2 mx-auto""
          >
            
            Retry",,D:\Projects\sahajomy-platform\backend\app\api\v1\customer\routes.py:1530
Containers,Customer,res,/customer/containers,pages/customer/Containers.jsx,services/api.js,/public/goods/categories,GET,db: Session=Depends(get_db),inline,FastAPI authenticated/role dependency; inspect handler,API call exists without verified page/action parity,partially implemented,Expose res in the mobile Containers flow,"Book another shipment | Cancel | Change service | refreshContainers()}
              className=""app-button-primary mt-4""
            >
              Check Again | refreshContainers()}
            className=""app-button-primary flex items-center gap-2 mx-auto""
          >
            
            Retry",,D:\Projects\sahajomy-platform\backend\app\api\v1\public.py:477
Containers,Customer,profileRes,/customer/containers,pages/customer/Containers.jsx,services/api.js,/forwarding/profile,PATCH,"body: ForwardingProfileRequest, db: Session=Depends(get_db), user: User=Depends(get_booking_user)",inline,FastAPI authenticated/role dependency; inspect handler,none found,missing,Expose profileRes in the mobile Containers flow,"Book another shipment | Cancel | Change service | refreshContainers()}
              className=""app-button-primary mt-4""
            >
              Check Again | refreshContainers()}
            className=""app-button-primary flex items-center gap-2 mx-auto""
          >
            
            Retry",,D:\Projects\sahajomy-platform\backend\app\api\v1\forwarding.py:162
Containers,Customer,response,/customer/containers,pages/customer/Containers.jsx,services/api.js,/forwarding/prepare-address,POST,"body: PrepareChinaAddressRequest, db: Session=Depends(get_db), user: User=Depends(get_booking_user)",inline,FastAPI authenticated/role dependency; inspect handler,API call exists without verified page/action parity,partially implemented,Expose response in the mobile Containers flow,"Book another shipment | Cancel | Change service | refreshContainers()}
              className=""app-button-primary mt-4""
            >
              Check Again | refreshContainers()}
            className=""app-button-primary flex items-center gap-2 mx-auto""
          >
            
            Retry",,D:\Projects\sahajomy-platform\backend\app\api\v1\forwarding.py:194
Containers,Customer,res,/customer/containers,pages/customer/Containers.jsx,services/api.js,/customer/sea-bookings,POST,"body: BookContainerRequest, db: Session=Depends(get_db), customer: User=Depends(get_customer)",inline,FastAPI authenticated/role dependency; inspect handler,API call exists without verified page/action parity,partially implemented,Expose res in the mobile Containers flow,"Book another shipment | Cancel | Change service | refreshContainers()}
              className=""app-button-primary mt-4""
            >
              Check Again | refreshContainers()}
            className=""app-button-primary flex items-center gap-2 mx-auto""
          >
            
            Retry",,D:\Projects\sahajomy-platform\backend\app\api\v1\customer\routes.py:784
Containers,Customer,POST /customer/shipment-orders/with-photos,/customer/containers,pages/customer/Containers.jsx,services/api.js,/customer/shipment-orders/with-photos,POST,"supplier_name: Optional[str]=Form(None), supplier_email: Optional[str]=Form(None), supplier_phone: Optional[str]=Form(None), order_description: Optional[str]=Form(None), order_value: Optional[str]=Form(None), tracking_number: Optional[str]=Form(None), notes: Optional[str]=Form(None), order_status: Optional[str]=Form('pending', alias='status'), container_sea_booking_id: Optional[str]=Form(None), air_booking_id: Optional[str]=Form(None), item_photos: Optional[str]=Form('[]'), photos: List[UploadFile]=File([]), current_user: User=Depends(get_current_customer_user), db: Session=Depends(get_db)",ShipmentOrderResponse,FastAPI authenticated/role dependency; inspect handler,none found,missing,Expose post in the mobile Containers flow,"Book another shipment | Cancel | Change service | refreshContainers()}
              className=""app-button-primary mt-4""
            >
              Check Again | refreshContainers()}
            className=""app-button-primary flex items-center gap-2 mx-auto""
          >
            
            Retry",,D:\Projects\sahajomy-platform\backend\app\api\v1\customer\shipment_orders.py:74
CustomerDashboard,Customer,loadDashboard,/customer/dashboard,pages/customer/CustomerDashboard.jsx,services/api.js,/customer/analytics/overview,GET,"current_user: User=Depends(get_customer), db: Session=Depends(get_db)",OverviewStats,FastAPI authenticated/role dependency; inspect handler,none found,missing,Expose loadDashboard in the mobile CustomerDashboard flow,Refresh,,D:\Projects\sahajomy-platform\backend\app\api\v1\customer\analytics.py:120
CustomerDashboard,Customer,loadDashboard,/customer/dashboard,pages/customer/CustomerDashboard.jsx,services/api.js,/customer/analytics/shipping-comparison,GET,"current_user: User=Depends(get_customer), db: Session=Depends(get_db)",ShippingComparison,FastAPI authenticated/role dependency; inspect handler,none found,missing,Expose loadDashboard in the mobile CustomerDashboard flow,Refresh,,D:\Projects\sahajomy-platform\backend\app\api\v1\customer\analytics.py:343
CustomerDashboard,Customer,GET /customer/analytics/risk-alerts,/customer/dashboard,pages/customer/CustomerDashboard.jsx,services/api.js,/customer/analytics/risk-alerts,GET,"current_user: User=Depends(get_customer), db: Session=Depends(get_db)",List[RiskAlert],FastAPI authenticated/role dependency; inspect handler,none found,missing,Expose get in the mobile CustomerDashboard flow,Refresh,,D:\Projects\sahajomy-platform\backend\app\api\v1\customer\analytics.py:636
CustomerDashboard,Customer,GET /customer/analytics/recommendations,/customer/dashboard,pages/customer/CustomerDashboard.jsx,services/api.js,/customer/analytics/recommendations,GET,"current_user: User=Depends(get_customer), db: Session=Depends(get_db)",List[Recommendation],FastAPI authenticated/role dependency; inspect handler,none found,missing,Expose get in the mobile CustomerDashboard flow,Refresh,,D:\Projects\sahajomy-platform\backend\app\api\v1\customer\analytics.py:711
CustomerDashboard,Customer,GET /customer/analytics/containers/performance,/customer/dashboard,pages/customer/CustomerDashboard.jsx,services/api.js,/customer/analytics/containers/performance,GET,"current_user: User=Depends(get_customer), db: Session=Depends(get_db)",PerformanceMetric,FastAPI authenticated/role dependency; inspect handler,none found,missing,Expose get in the mobile CustomerDashboard flow,Refresh,,D:\Projects\sahajomy-platform\backend\app\api\v1\customer\analytics.py:193
CustomerDashboard,Customer,GET /tracking/customer/sea-bookings,/customer/dashboard,pages/customer/CustomerDashboard.jsx,services/api.js,/tracking/customer/sea-bookings,GET,"db: Session=DB_SESSION, current_user: User=CUSTOMER_USER",inline,FastAPI authenticated/role dependency; inspect handler,none found,missing,Expose get in the mobile CustomerDashboard flow,Refresh,,D:\Projects\sahajomy-platform\backend\app\api\v1\tracking.py:178
CustomerDashboard,Customer,GET /tracking/customer/bookings,/customer/dashboard,pages/customer/CustomerDashboard.jsx,services/api.js,/tracking/customer/bookings,GET,"db: Session=DB_SESSION, current_user: User=CUSTOMER_USER",inline,FastAPI authenticated/role dependency; inspect handler,API call exists without verified page/action parity,partially implemented,Expose get in the mobile CustomerDashboard flow,Refresh,,D:\Projects\sahajomy-platform\backend\app\api\v1\tracking.py:204
CustomerDashboard,Customer,GET /tracking/customer/shipment_orders,/customer/dashboard,pages/customer/CustomerDashboard.jsx,services/api.js,/tracking/customer/shipment_orders,GET,"db: Session=DB_SESSION, current_user: User=CUSTOMER_USER",inline,FastAPI authenticated/role dependency; inspect handler,API call exists without verified page/action parity,partially implemented,Expose get in the mobile CustomerDashboard flow,Refresh,,D:\Projects\sahajomy-platform\backend\app\api\v1\tracking.py:228
CustomerDashboard,Customer,GET /customer/sea-bookings,/customer/dashboard,pages/customer/CustomerDashboard.jsx,services/api.js,/customer/sea-bookings,GET,"db: Session=Depends(get_db), customer: User=Depends(get_customer)",inline,FastAPI authenticated/role dependency; inspect handler,API call exists without verified page/action parity,partially implemented,Expose get in the mobile CustomerDashboard flow,Refresh,,D:\Projects\sahajomy-platform\backend\app\api\v1\customer\routes.py:974
CustomerDashboard,Customer,GET /customer/express-air-cargo/bookings,/customer/dashboard,pages/customer/CustomerDashboard.jsx,services/api.js,/customer/express-air-cargo/bookings,GET,"db: Session=Depends(get_db), customer: User=Depends(get_customer)",inline,FastAPI authenticated/role dependency; inspect handler,API call exists without verified page/action parity,partially implemented,Expose get in the mobile CustomerDashboard flow,Refresh,,D:\Projects\sahajomy-platform\backend\app\api\v1\customer\routes.py:1736
CustomerDashboard,Customer,GET /customer/shipment-orders,/customer/dashboard,pages/customer/CustomerDashboard.jsx,services/api.js,/customer/shipment-orders,GET,"skip: int=0, limit: int=100, current_user: User=Depends(get_current_customer_user), db: Session=Depends(get_db)",List[ShipmentOrderResponse],FastAPI authenticated/role dependency; inspect handler,API call exists without verified page/action parity,partially implemented,Expose get in the mobile CustomerDashboard flow,Refresh,,D:\Projects\sahajomy-platform\backend\app\api\v1\customer\shipment_orders.py:306
ExpressAirCargo,Customer,loadData,/customer/express-air-cargo,pages/customer/ExpressAirCargo.jsx,services/api.js,/customer/express-air-cargo/bookings,GET,"db: Session=Depends(get_db), customer: User=Depends(get_customer)",inline,FastAPI authenticated/role dependency; inspect handler,API call exists without verified page/action parity,partially implemented,Expose loadData in the mobile ExpressAirCargo flow,Change service | setEditingAddressCity(true)}>Change city,,D:\Projects\sahajomy-platform\backend\app\api\v1\customer\routes.py:1736
ExpressAirCargo,Customer,loadData,/customer/express-air-cargo,pages/customer/ExpressAirCargo.jsx,services/api.js,/forwarding/china-addresses,GET,"db: Session=Depends(get_db), user: User=Depends(get_booking_user)",inline,FastAPI authenticated/role dependency; inspect handler,none found,missing,Expose loadData in the mobile ExpressAirCargo flow,Change service | setEditingAddressCity(true)}>Change city,,D:\Projects\sahajomy-platform\backend\app\api\v1\forwarding.py:135
ExpressAirCargo,Customer,loadData,/customer/express-air-cargo,pages/customer/ExpressAirCargo.jsx,services/api.js,/forwarding/air-services,GET,"db: Session=Depends(get_db), user: User=Depends(get_booking_user)",inline,FastAPI authenticated/role dependency; inspect handler,API call exists without verified page/action parity,partially implemented,Expose loadData in the mobile ExpressAirCargo flow,Change service | setEditingAddressCity(true)}>Change city,,D:\Projects\sahajomy-platform\backend\app\api\v1\forwarding.py:50
ExpressAirCargo,Customer,GET /customer/express-air-cargo/options,/customer/express-air-cargo,pages/customer/ExpressAirCargo.jsx,services/api.js,/customer/express-air-cargo/options,GET,"cargo_admin_id: Optional[str]=Query(None), db: Session=Depends(get_db), customer: User=Depends(get_customer)",inline,FastAPI authenticated/role dependency; inspect handler,API call exists without verified page/action parity,partially implemented,Expose get in the mobile ExpressAirCargo flow,Change service | setEditingAddressCity(true)}>Change city,,D:\Projects\sahajomy-platform\backend\app\api\v1\customer\routes.py:1478
ExpressAirCargo,Customer,res,/customer/express-air-cargo,pages/customer/ExpressAirCargo.jsx,services/api.js,/customer/express-air-cargo/upload-photo,POST,"file: UploadFile=File(...), customer: User=Depends(get_customer)",inline,FastAPI authenticated/role dependency; inspect handler,none found,missing,Expose res in the mobile ExpressAirCargo flow,Change service | setEditingAddressCity(true)}>Change city,,D:\Projects\sahajomy-platform\backend\app\api\v1\customer\routes.py:1530
ExpressAirCargo,Customer,response,/customer/express-air-cargo,pages/customer/ExpressAirCargo.jsx,services/api.js,/forwarding/profile,PATCH,"body: ForwardingProfileRequest, db: Session=Depends(get_db), user: User=Depends(get_booking_user)",inline,FastAPI authenticated/role dependency; inspect handler,none found,missing,Expose response in the mobile ExpressAirCargo flow,Change service | setEditingAddressCity(true)}>Change city,,D:\Projects\sahajomy-platform\backend\app\api\v1\forwarding.py:162
ExpressAirCargo,Customer,response,/customer/express-air-cargo,pages/customer/ExpressAirCargo.jsx,services/api.js,/forwarding/prepare-address,POST,"body: PrepareChinaAddressRequest, db: Session=Depends(get_db), user: User=Depends(get_booking_user)",inline,FastAPI authenticated/role dependency; inspect handler,API call exists without verified page/action parity,partially implemented,Expose response in the mobile ExpressAirCargo flow,Change service | setEditingAddressCity(true)}>Change city,,D:\Projects\sahajomy-platform\backend\app\api\v1\forwarding.py:194
ExpressAirCargo,Customer,addressRes,/customer/express-air-cargo,pages/customer/ExpressAirCargo.jsx,services/api.js,/forwarding/prepare-address,POST,"body: PrepareChinaAddressRequest, db: Session=Depends(get_db), user: User=Depends(get_booking_user)",inline,FastAPI authenticated/role dependency; inspect handler,API call exists without verified page/action parity,partially implemented,Expose addressRes in the mobile ExpressAirCargo flow,Change service | setEditingAddressCity(true)}>Change city,,D:\Projects\sahajomy-platform\backend\app\api\v1\forwarding.py:194
ExpressAirCargo,Customer,bookingRes,/customer/express-air-cargo,pages/customer/ExpressAirCargo.jsx,services/api.js,/customer/express-air-cargo/book,POST,"cargo_type_id: str=Form(...), weight_kg: float=Form(...), shipment_date: datetime=Form(...), cargo_description: Optional[str]=Form(None), destination_region: str=Form(...), destination_country: str=Form('Tanzania'), carton_count: int=Form(1), item_photos: Optional[str]=Form('[]'), air_cargo_rate_id: Optional[str]=Form(None), quantity: float=Form(1), certification_acknowledged: bool=Form(False), customer_china_address_id: Optional[str]=Form(None), cargo_admin_id: Optional[str]=Form(None), warehouse_id: Optional[str]=Form(None), db: Session=Depends(get_db), customer: User=Depends(get_customer)",inline,FastAPI authenticated/role dependency; inspect handler,API call exists without verified page/action parity,partially implemented,Expose bookingRes in the mobile ExpressAirCargo flow,Change service | setEditingAddressCity(true)}>Change city,,D:\Projects\sahajomy-platform\backend\app\api\v1\customer\routes.py:1560
ExpressAirCargo,Customer,POST /customer/shipment-orders/with-photos,/customer/express-air-cargo,pages/customer/ExpressAirCargo.jsx,services/api.js,/customer/shipment-orders/with-photos,POST,"supplier_name: Optional[str]=Form(None), supplier_email: Optional[str]=Form(None), supplier_phone: Optional[str]=Form(None), order_description: Optional[str]=Form(None), order_value: Optional[str]=Form(None), tracking_number: Optional[str]=Form(None), notes: Optional[str]=Form(None), order_status: Optional[str]=Form('pending', alias='status'), container_sea_booking_id: Optional[str]=Form(None), air_booking_id: Optional[str]=Form(None), item_photos: Optional[str]=Form('[]'), photos: List[UploadFile]=File([]), current_user: User=Depends(get_current_customer_user), db: Session=Depends(get_db)",ShipmentOrderResponse,FastAPI authenticated/role dependency; inspect handler,none found,missing,Expose post in the mobile ExpressAirCargo flow,Change service | setEditingAddressCity(true)}>Change city,,D:\Projects\sahajomy-platform\backend\app\api\v1\customer\shipment_orders.py:74
MyChinaAddresses,Customer,response,/customer/china-addresses | /agent/china-addresses,pages/customer/MyChinaAddresses.jsx,services/api.js,/forwarding/china-addresses,GET,"db: Session=Depends(get_db), user: User=Depends(get_booking_user)",inline,FastAPI authenticated/role dependency; inspect handler,none found,missing,Expose response in the mobile MyChinaAddresses flow,Refresh,,D:\Projects\sahajomy-platform\backend\app\api\v1\forwarding.py:135
OrderDetail,Customer,res,/customer/orders/:orderId,pages/customer/OrderDetail.jsx,services/api.js,/customer/orders/{id},GET,"order_id: str, db: Session=Depends(get_db), customer: User=Depends(get_customer)",inline,FastAPI authenticated/role dependency; inspect handler,API call exists without verified page/action parity,partially implemented,Expose res in the mobile OrderDetail flow,"Download Invoice | Download Receipt | navigate('/customer/orders')}
              className=""app-button-primary tap-button px-6 py-3""
            >
              Back to Orders | navigate('/customer/orders')}
              className=""p-2 hover:bg-canvas rounded-lg transition-colors""
            >",,D:\Projects\sahajomy-platform\backend\app\api\v1\customer\routes.py:1950
Orders,Customer,res,/customer/orders,pages/customer/Orders.jsx,services/api.js,/customer/orders,GET,"db: Session=Depends(get_db), customer: User=Depends(get_customer)",inline,FastAPI authenticated/role dependency; inspect handler,API call exists without verified page/action parity,partially implemented,Expose res in the mobile Orders flow,Retry,,D:\Projects\sahajomy-platform\backend\app\api\v1\customer\routes.py:1919
SeaBookingDetail,Customer,res,/customer/sea-bookings/:seaBookingId,pages/customer/SeaBookingDetail.jsx,services/api.js,/customer/sea-bookings/{id},GET,"sea_booking_id: str, db: Session=Depends(get_db), customer: User=Depends(get_customer)",inline,FastAPI authenticated/role dependency; inspect handler,API call exists without verified page/action parity,partially implemented,Expose res in the mobile SeaBookingDetail flow,"handleOpenInvoicePdf(invoice)}
                    >
                      Open PDF | handleOpenReceiptPdf(receipt)}
                  >
                    Open PDF | navigate(""/customer/sea-bookings"")}
            className=""mb-3 inline-flex items-center gap-2 rounded-lg bg-secondary px-3 py-2 text-sm text-ink hover:bg-canvas""
          >
            
            Back to seaBookings",,D:\Projects\sahajomy-platform\backend\app\api\v1\customer\routes.py:1047
SeaBookings,Customer,response,/customer/sea-bookings,pages/customer/SeaBookings.jsx,services/api.js,/customer/sea-bookings,GET,"db: Session=Depends(get_db), customer: User=Depends(get_customer)",inline,FastAPI authenticated/role dependency; inspect handler,API call exists without verified page/action parity,partially implemented,Expose response in the mobile SeaBookings flow,Retry,,D:\Projects\sahajomy-platform\backend\app\api\v1\customer\routes.py:974
ShipmentOrderDetail,Customer,res,/customer/shipment-orders/:shipmentOrderId,pages/customer/ShipmentOrderDetail.jsx,services/api.js,/customer/shipment-orders/{id},GET,"shipment_order_id: UUID, current_user: User=Depends(get_current_customer_user), db: Session=Depends(get_db)",ShipmentOrderResponse,FastAPI authenticated/role dependency; inspect handler,none found,missing,Expose res in the mobile ShipmentOrderDetail flow,"navigate(-1)}
            className=""mb-3 rounded-lg bg-secondary px-3 py-1.5 text-sm text-ink hover:bg-canvas""
          >
            Back",,D:\Projects\sahajomy-platform\backend\app\api\v1\customer\shipment_orders.py:292
TrackShipments,Customer,loadAll,/customer/track-shipments,pages/customer/TrackShipments.jsx,services/api.js,/tracking/customer/sea-bookings,GET,"db: Session=DB_SESSION, current_user: User=CUSTOMER_USER",inline,FastAPI authenticated/role dependency; inspect handler,none found,missing,Expose loadAll in the mobile TrackShipments flow,"Back to all | Refresh | Show all | Sync | navigate(shipment.link)}
                className=""inline-flex items-center gap-1 text-sm text-accent hover:underline""
              >
                View Details",,D:\Projects\sahajomy-platform\backend\app\api\v1\tracking.py:178
TrackShipments,Customer,loadAll,/customer/track-shipments,pages/customer/TrackShipments.jsx,services/api.js,/tracking/customer/bookings,GET,"db: Session=DB_SESSION, current_user: User=CUSTOMER_USER",inline,FastAPI authenticated/role dependency; inspect handler,API call exists without verified page/action parity,partially implemented,Expose loadAll in the mobile TrackShipments flow,"Back to all | Refresh | Show all | Sync | navigate(shipment.link)}
                className=""inline-flex items-center gap-1 text-sm text-accent hover:underline""
              >
                View Details",,D:\Projects\sahajomy-platform\backend\app\api\v1\tracking.py:204
TrackShipments,Customer,loadAll,/customer/track-shipments,pages/customer/TrackShipments.jsx,services/api.js,/tracking/customer/shipment_orders,GET,"db: Session=DB_SESSION, current_user: User=CUSTOMER_USER",inline,FastAPI authenticated/role dependency; inspect handler,API call exists without verified page/action parity,partially implemented,Expose loadAll in the mobile TrackShipments flow,"Back to all | Refresh | Show all | Sync | navigate(shipment.link)}
                className=""inline-flex items-center gap-1 text-sm text-accent hover:underline""
              >
                View Details",,D:\Projects\sahajomy-platform\backend\app\api\v1\tracking.py:228
TrackShipments,Customer,loadAll,/customer/track-shipments,pages/customer/TrackShipments.jsx,services/api.js,/customer/sea-bookings,GET,"db: Session=Depends(get_db), customer: User=Depends(get_customer)",inline,FastAPI authenticated/role dependency; inspect handler,API call exists without verified page/action parity,partially implemented,Expose loadAll in the mobile TrackShipments flow,"Back to all | Refresh | Show all | Sync | navigate(shipment.link)}
                className=""inline-flex items-center gap-1 text-sm text-accent hover:underline""
              >
                View Details",,D:\Projects\sahajomy-platform\backend\app\api\v1\customer\routes.py:974
TrackShipments,Customer,loadAll,/customer/track-shipments,pages/customer/TrackShipments.jsx,services/api.js,/customer/express-air-cargo/bookings,GET,"db: Session=Depends(get_db), customer: User=Depends(get_customer)",inline,FastAPI authenticated/role dependency; inspect handler,API call exists without verified page/action parity,partially implemented,Expose loadAll in the mobile TrackShipments flow,"Back to all | Refresh | Show all | Sync | navigate(shipment.link)}
                className=""inline-flex items-center gap-1 text-sm text-accent hover:underline""
              >
                View Details",,D:\Projects\sahajomy-platform\backend\app\api\v1\customer\routes.py:1736
TrackShipments,Customer,loadAll,/customer/track-shipments,pages/customer/TrackShipments.jsx,services/api.js,/customer/shipment-orders,GET,"skip: int=0, limit: int=100, current_user: User=Depends(get_current_customer_user), db: Session=Depends(get_db)",List[ShipmentOrderResponse],FastAPI authenticated/role dependency; inspect handler,API call exists without verified page/action parity,partially implemented,Expose loadAll in the mobile TrackShipments flow,"Back to all | Refresh | Show all | Sync | navigate(shipment.link)}
                className=""inline-flex items-center gap-1 text-sm text-accent hover:underline""
              >
                View Details",,D:\Projects\sahajomy-platform\backend\app\api\v1\customer\shipment_orders.py:306
WarehouseAccess,Customer,WarehouseAccess,/customer/warehouse-access/:token,pages/customer/WarehouseAccess.jsx,services/api.js,/customer/warehouse-access/{id},GET,"token: str, db: Session=Depends(get_db), customer: User=Depends(get_customer)",inline,FastAPI authenticated/role dependency; inspect handler,API call exists without verified page/action parity,partially implemented,Expose WarehouseAccess in the mobile WarehouseAccess flow,,,D:\Projects\sahajomy-platform\backend\app\api\v1\warehouse_automation.py:398
WarehouseAccess,Customer,response,/customer/warehouse-access/:token,pages/customer/WarehouseAccess.jsx,services/api.js,/customer/warehouse-access/{id}/collection-requests,POST,"token: str, body: CollectionSelectionInput, db: Session=Depends(get_db), customer: User=Depends(get_customer)",inline,FastAPI authenticated/role dependency; inspect handler,API call exists without verified page/action parity,partially implemented,Expose response in the mobile WarehouseAccess flow,,,D:\Projects\sahajomy-platform\backend\app\api\v1\warehouse_automation.py:404
PrivacyPolicy,Public / shared,Present page content / navigation,/privacy,pages/legal/PrivacyPolicy.jsx,none,none,none,none,none,public or route guard,none,missing,Mobile page and all navigation actions,,,
TermsOfService,Public / shared,Present page content / navigation,/terms,pages/legal/TermsOfService.jsx,none,none,none,none,none,public or route guard,none,missing,Mobile page and all navigation actions,,,
Agizisha,Public / shared,response,/agizisha | /customer/agizisha,pages/public/Agizisha.jsx,services/api.js,/public/agizisha/products,GET,"limit: int=Query(default=100, ge=1, le=100), q: Optional[str]=Query(default=None, min_length=2, max_length=100), agent_handle: Optional[str]=Query(default=None, min_length=3, max_length=60), db: Session=Depends(get_db)",PublicAgizishaProductsResponse,FastAPI authenticated/role dependency; inspect handler,API call exists without verified page/action parity,partially implemented,Expose response in the mobile Agizisha flow,"Search | applySearch(productQuery)} className=""mt-3 text-sm font-bold underline underline-offset-4"">Try again",,D:\Projects\sahajomy-platform\backend\app\api\v1\agizisha.py:440
AgizishaAgentStorefront,Public / shared,response,/agizisha/agents/:handle,pages/public/AgizishaAgentStorefront.jsx,services/api.js,/public/agizisha/agents/{id},GET,"handle: str, db: Session=Depends(get_db)",inline,FastAPI authenticated/role dependency; inspect handler,none found,missing,Expose response in the mobile AgizishaAgentStorefront flow,Try again,,D:\Projects\sahajomy-platform\backend\app\api\v1\agizisha.py:558
AgizishaProductDetail,Public / shared,response,/agizisha/product/:id,pages/public/AgizishaProductDetail.jsx,services/api.js,/public/agizisha/products/{id},GET,"product_id: UUID, db: Session=Depends(get_db)",PublicAgizishaProductResponse,FastAPI authenticated/role dependency; inspect handler,API call exists without verified page/action parity,partially implemented,Expose response in the mobile AgizishaProductDetail flow,"Try again | setIsZoomOpen(false)} className=""absolute right-4 top-4 z-10 flex h-11 w-11 items-center justify-center rounded-full bg-white/15 text-white hover:bg-white/25"" aria-label=""Close image viewer""> | setSubmitted(false)} className=""mt-3 text-sm font-bold underline underline-offset-4"">Place another order",,D:\Projects\sahajomy-platform\backend\app\api\v1\agizisha.py:477
AgizishaProductDetail,Public / shared,relatedResponse,/agizisha/product/:id,pages/public/AgizishaProductDetail.jsx,services/api.js,/public/agizisha/products/{id}/related,GET,"product_id: UUID, limit: int=Query(default=4, ge=1, le=8), db: Session=Depends(get_db)",PublicAgizishaProductsResponse,FastAPI authenticated/role dependency; inspect handler,none found,missing,Expose relatedResponse in the mobile AgizishaProductDetail flow,"Try again | setIsZoomOpen(false)} className=""absolute right-4 top-4 z-10 flex h-11 w-11 items-center justify-center rounded-full bg-white/15 text-white hover:bg-white/25"" aria-label=""Close image viewer""> | setSubmitted(false)} className=""mt-3 text-sm font-bold underline underline-offset-4"">Place another order",,D:\Projects\sahajomy-platform\backend\app\api\v1\agizisha.py:488
AgizishaProductDetail,Public / shared,missing,/agizisha/product/:id,pages/public/AgizishaProductDetail.jsx,services/api.js,/public/agizisha/orders,POST,"payload: AgizishaOrderCreate, request: Request, db: Session=Depends(get_db), current_user: Optional[User]=Depends(get_optional_authenticated_user)",PublicAgizishaOrderResponse,FastAPI authenticated/role dependency; inspect handler,API call exists without verified page/action parity,partially implemented,Expose missing in the mobile AgizishaProductDetail flow,"Try again | setIsZoomOpen(false)} className=""absolute right-4 top-4 z-10 flex h-11 w-11 items-center justify-center rounded-full bg-white/15 text-white hover:bg-white/25"" aria-label=""Close image viewer""> | setSubmitted(false)} className=""mt-3 text-sm font-bold underline underline-offset-4"">Place another order",,D:\Projects\sahajomy-platform\backend\app\api\v1\agizisha.py:620
CargoOperatorRegister,Public / shared,CargoOperatorRegister,/cargo-operator/register,pages/public/CargoOperatorRegister.jsx,services/api.js,/public/cargo-operators/options,GET,,inline,FastAPI authenticated/role dependency; inspect handler,none found,missing,Expose CargoOperatorRegister in the mobile CargoOperatorRegister flow,,,D:\Projects\sahajomy-platform\backend\app\api\v1\cargo_operator_registrations.py:246
CargoOperatorRegister,Public / shared,submit,/cargo-operator/register,pages/public/CargoOperatorRegister.jsx,services/api.js,/public/cargo-operators/register,POST,"body: CargoOperatorRegistrationRequest, db: Session=Depends(get_db)",inline,FastAPI authenticated/role dependency; inspect handler,none found,missing,Expose submit in the mobile CargoOperatorRegister flow,,,D:\Projects\sahajomy-platform\backend\app\api\v1\cargo_operator_registrations.py:262
Containers,Public / shared,res,/public/containers,pages/public/Containers.jsx,services/api.js,/public/containers,GET,db: Session=Depends(get_db),inline,FastAPI authenticated/role dependency; inspect handler,API call exists without verified page/action parity,partially implemented,Expose res in the mobile Containers flow,,,D:\Projects\sahajomy-platform\backend\app\api\v1\public.py:815
FclQuoteRequest,Public / shared,activeStepRef,/fcl-quote-request,pages/public/FclQuoteRequest.jsx,services/api.js,/public/fcl-quote-request/cargo-admins,GET,db: Session=Depends(get_db),inline,FastAPI authenticated/role dependency; inspect handler,none found,missing,Expose activeStepRef in the mobile FclQuoteRequest flow,Continue,,D:\Projects\sahajomy-platform\backend\app\api\v1\fcl_quote_requests.py:174
FclQuoteRequest,Public / shared,handleSubmit,/fcl-quote-request,pages/public/FclQuoteRequest.jsx,services/api.js,/fcl-quote-request,POST,"payload: FclQuoteRequestCreate, db: Session=Depends(get_db)",inline,FastAPI authenticated/role dependency; inspect handler,API call exists without verified page/action parity,partially implemented,Expose handleSubmit in the mobile FclQuoteRequest flow,Continue,,D:\Projects\sahajomy-platform\backend\app\api\v1\fcl_quote_requests.py:187
Landing,Public / shared,fetchPublicData,/,pages/public/Landing.jsx,services/api.js,/public/platform-stats,GET,db: Session=Depends(get_db),inline,FastAPI authenticated/role dependency; inspect handler,API call exists without verified page/action parity,partially implemented,Expose fetchPublicData in the mobile Landing flow,Copy | Find sea space,,D:\Projects\sahajomy-platform\backend\app\api\v1\public.py:509
Landing,Public / shared,fetchPublicData,/,pages/public/Landing.jsx,services/api.js,/public/air-departure-schedules,GET,"limit: int=Query(5, ge=1, le=7), db: Session=Depends(get_db)",inline,FastAPI authenticated/role dependency; inspect handler,API call exists without verified page/action parity,partially implemented,Expose fetchPublicData in the mobile Landing flow,Copy | Find sea space,,D:\Projects\sahajomy-platform\backend\app\api\v1\public.py:696
Landing,Public / shared,fetchAgents,/,pages/public/Landing.jsx,services/api.js,/public/sourcing-agents/search,GET,"q: Optional[str]=Query(default=None), niche: Optional[str]=Query(default=None), location: Optional[str]=Query(default=None), page: int=Query(default=1, ge=1), size: int=Query(default=10, ge=1, le=20), db: Session=Depends(get_db)",inline,FastAPI authenticated/role dependency; inspect handler,none found,missing,Expose fetchAgents in the mobile Landing flow,Copy | Find sea space,,D:\Projects\sahajomy-platform\backend\app\api\v1\sourcing_agent\registration_routes.py:636
Landing,Public / shared,normalizedTracking,/,pages/public/Landing.jsx,services/api.js,/public/tracking/{id},GET,"tracking_number: str=Query(..., min_length=2, max_length=120), db: Session=Depends(get_db)",inline,FastAPI authenticated/role dependency; inspect handler,none found,missing,Expose normalizedTracking in the mobile Landing flow,Copy | Find sea space,,D:\Projects\sahajomy-platform\backend\app\api\v1\sourcing_agent\registration_routes.py:711
Login,Public / shared,Present page content / navigation,/login,pages/public/Login.jsx,none,none,none,none,none,public or route guard,none,missing,Mobile page and all navigation actions,,,
ReceiptVerify,Public / shared,ReceiptVerify,/verify-receipt,pages/public/ReceiptVerify.jsx,services/api.js,/public/receipt/verify/{id},GET,"token: str, request: Request, db: Session=Depends(get_db)",inline,FastAPI authenticated/role dependency; inspect handler,API call exists without verified page/action parity,partially implemented,Expose ReceiptVerify in the mobile ReceiptVerify flow,,,D:\Projects\sahajomy-platform\backend\app\api\v1\public.py:454
SharedBatch,Public / shared,GET /public/batch/{id},/shared/:token,pages/public/SharedBatch.jsx,services/api.js,/public/batch/{id},GET,"token: str, db: Session=Depends(get_db)",inline,FastAPI authenticated/role dependency; inspect handler,API call exists without verified page/action parity,partially implemented,Expose get in the mobile SharedBatch flow,"Place Order | setPreviewImage(null)}
              aria-label=""Close image preview""
            >",,D:\Projects\sahajomy-platform\backend\app\api\v1\public.py:218
SharedBatch,Public / shared,selectedCurrency,/shared/:token,pages/public/SharedBatch.jsx,services/api.js,/public/batch/{id}/estimate,POST,"token: str, body: PublicShippingEstimateRequest, db: Session=Depends(get_db)",inline,FastAPI authenticated/role dependency; inspect handler,none found,missing,Expose selectedCurrency in the mobile SharedBatch flow,"Place Order | setPreviewImage(null)}
              aria-label=""Close image preview""
            >",,D:\Projects\sahajomy-platform\backend\app\api\v1\public.py:266
SharedBatch,Public / shared,response,/shared/:token,pages/public/SharedBatch.jsx,services/api.js,/public/batch/{id}/order,POST,"token: str, body: PublicBatchOrderRequest, db: Session=Depends(get_db)",PublicSharedOrderResponse,FastAPI authenticated/role dependency; inspect handler,none found,missing,Expose response in the mobile SharedBatch flow,"Place Order | setPreviewImage(null)}
              aria-label=""Close image preview""
            >",,D:\Projects\sahajomy-platform\backend\app\api\v1\public.py:278
SourcingAgentRegister,Public / shared,response,component/subflow,pages/public/SourcingAgentRegister.jsx,services/api.js,/public/sourcing-agents/register,POST,"full_name: str=Form(...), phone: str=Form(...), email: str=Form(...), whatsapp: Optional[str]=Form(None), instagram: Optional[str]=Form(None), tiktok: Optional[str]=Form(None), niche: str=Form(...), location: str=Form(...), bio: Optional[str]=Form(None), years_experience: Optional[str]=Form(None), profile_photo: Optional[UploadFile]=File(None), db: Session=Depends(get_db)",inline,FastAPI authenticated/role dependency; inspect handler,API call exists without verified page/action parity,partially implemented,Expose response in the mobile SourcingAgentRegister flow,,,D:\Projects\sahajomy-platform\backend\app\api\v1\sourcing_agent\registration_routes.py:368
StaffInvitation,Public / shared,Present page content / navigation,/staff-invitation,pages/public/StaffInvitation.jsx,none,none,none,none,none,public or route guard,none,missing,Mobile page and all navigation actions,,,
StaticInfo,Public / shared,Present page content / navigation,/about | /how-it-works | /pricing | /faq | /warehouses | /warehouses/:warehouseSlug | /support | /support/tickets | /feedback | /cookies | /accessibility | /legal | /sitemap | /air-cargo | /sea-freight-africa | /air-cargo-africa | /china-sourcing-africa,pages/public/StaticInfo.jsx,none,none,none,none,none,public or route guard,none,missing,Mobile page and all navigation actions,,,
ContainerShippingLabel,Shared authenticated,Present page content / navigation,/label/sea/:seaBookingId,pages/shared/ContainerShippingLabel.jsx,none,none,none,none,none,public or route guard,none,missing,Mobile page and all navigation actions,"Save Changes | window.print()}
            >
              Print",,
ExpressAirCargoLabel,Shared authenticated,Present page content / navigation,/label/air/:bookingId,pages/shared/ExpressAirCargoLabel.jsx,none,none,none,none,none,public or route guard,none,missing,Mobile page and all navigation actions,"Save Changes | Try Again | window.print()}
            >
              Print",,
ProductDetail,Shared authenticated,res,/product/:productId,pages/shared/ProductDetail.jsx,services/api.js,/public/products/{id},GET,"product_id: str, db: Session=Depends(get_db)",inline,FastAPI authenticated/role dependency; inspect handler,none found,missing,Expose res in the mobile ProductDetail flow,"navigate(-1)}
            className=""mb-3 rounded-lg bg-secondary px-3 py-1.5 text-sm text-ink hover:bg-canvas""
          >
            Back",,D:\Projects\sahajomy-platform\backend\app\api\v1\public.py:482
SourcingAgentRegister,Shared authenticated,response,/sourcing-agent/register,pages/shared/SourcingAgentRegister.jsx,services/api.js,/public/sourcing-agents/register,POST,"full_name: str=Form(...), phone: str=Form(...), email: str=Form(...), whatsapp: Optional[str]=Form(None), instagram: Optional[str]=Form(None), tiktok: Optional[str]=Form(None), niche: str=Form(...), location: str=Form(...), bio: Optional[str]=Form(None), years_experience: Optional[str]=Form(None), profile_photo: Optional[UploadFile]=File(None), db: Session=Depends(get_db)",inline,FastAPI authenticated/role dependency; inspect handler,API call exists without verified page/action parity,partially implemented,Expose response in the mobile SourcingAgentRegister flow,,,D:\Projects\sahajomy-platform\backend\app\api\v1\sourcing_agent\registration_routes.py:368
WorkspacePage,Shared authenticated,Present page content / navigation,/account/workspaces,pages/shared/WorkspacePage.jsx,none,none,none,none,none,public or route guard,none,missing,Mobile page and all navigation actions,,,
AgentDashboard,Sourcing Agent,res,/agent/dashboard,pages/sourcing_agent/AgentDashboard.jsx,services/api.js,/sourcing_agent/batches,GET,"status: Optional[str]=None, skip: int=0, limit: int=20, db: Session=Depends(get_db), agent: User=Depends(get_sourcing_agent)",inline,FastAPI authenticated/role dependency; inspect handler,API call exists without verified page/action parity,partially implemented,Expose res in the mobile AgentDashboard flow,Try Again,,D:\Projects\sahajomy-platform\backend\app\api\v1\sourcing_agent\routes.py:1038
AgentDashboard,Sourcing Agent,financialRes,/agent/dashboard,pages/sourcing_agent/AgentDashboard.jsx,services/api.js,/sourcing_agent/batches/{id}/financials,GET,"batch_id: str, db: Session=Depends(get_db), agent: User=Depends(get_sourcing_agent)",inline,FastAPI authenticated/role dependency; inspect handler,API call exists without verified page/action parity,partially implemented,Expose financialRes in the mobile AgentDashboard flow,Try Again,,D:\Projects\sahajomy-platform\backend\app\api\v1\sourcing_agent\routes.py:2436
AgizishaOrders,Sourcing Agent,response,/agent/agizisha-orders,pages/sourcing_agent/AgizishaOrders.jsx,services/api.js,/sourcing_agent/agizisha-orders,GET,"order_status: Optional[str]=Query(default=None, alias='status'), limit: int=Query(default=100, ge=1, le=100), db: Session=Depends(get_db), agent: User=Depends(_agizisha_operator)",inline,FastAPI authenticated/role dependency; inspect handler,API call exists without verified page/action parity,partially implemented,Expose response in the mobile AgizishaOrders flow,Refresh | Retry,,D:\Projects\sahajomy-platform\backend\app\api\v1\agizisha.py:784
AgizishaOrders,Sourcing Agent,response,/agent/agizisha-orders,pages/sourcing_agent/AgizishaOrders.jsx,services/api.js,/sourcing_agent/agizisha-orders/{id}/status,PATCH,"order_id: UUID, payload: AgizishaOrderStatusUpdate, db: Session=Depends(get_db), agent: User=Depends(_agizisha_operator)",inline,FastAPI authenticated/role dependency; inspect handler,none found,missing,Expose response in the mobile AgizishaOrders flow,Refresh | Retry,,D:\Projects\sahajomy-platform\backend\app\api\v1\agizisha.py:821
AgizishaPublicProfile,Sourcing Agent,response,/agent/agizisha-storefront,pages/sourcing_agent/AgizishaPublicProfile.jsx,services/api.js,/sourcing_agent/public-profile,GET,"db: Session=Depends(get_db), current_user: User=Depends(get_sourcing_agent)",inline,FastAPI authenticated/role dependency; inspect handler,API call exists without verified page/action parity,partially implemented,Expose response in the mobile AgizishaPublicProfile flow,,,D:\Projects\sahajomy-platform\backend\app\api\v1\sourcing_agent\registration_routes.py:564
AgizishaPublicProfile,Sourcing Agent,response,/agent/agizisha-storefront,pages/sourcing_agent/AgizishaPublicProfile.jsx,services/api.js,/sourcing_agent/public-profile,PATCH,"payload: PublicSourcingAgentProfileUpdate, db: Session=Depends(get_db), current_user: User=Depends(get_sourcing_agent)",inline,FastAPI authenticated/role dependency; inspect handler,none found,missing,Expose response in the mobile AgizishaPublicProfile flow,,,D:\Projects\sahajomy-platform\backend\app\api\v1\sourcing_agent\registration_routes.py:582
BatchDetail,Sourcing Agent,fetchAll,/agent/batches/:batchId,pages/sourcing_agent/BatchDetail.jsx,services/api.js,/sourcing_agent/batches/{id},GET,"db: Session=Depends(get_db), agent: User=Depends(get_sourcing_agent)",inline,FastAPI authenticated/role dependency; inspect handler,API call exists without verified page/action parity,partially implemented,Expose fetchAll in the mobile BatchDetail flow,"+ Add Product Feature | Add Product | Close Batch | Close Batch First | Open Batch | Reopen Batch | Share to WhatsApp | Share via Apps | handleBook(c.id)}
                          className=""px-4 py-2 bg-accent text-white rounded-lg text-sm hover:bg-accent-dark whitespace-nowrap""
                        >
                          Confirm Booking | setDeleteProductTarget(p)} className=""inline-flex items-center gap-1 text-xs font-medium text-danger hover:underline""> Delete product | setEditingAddressCity(true)}>Change city | setIsEditingTitle(true)}
                        className=""app-button-secondary tap-button px-3 py-1.5 text-xs inline-flex items-center gap-1 w-fit""
                      >
                        
                        Edit title | startEditingProduct(p)} className=""inline-flex items-center gap-1 text-xs font-medium text-accent hover:underline""> Edit product",,D:\Projects\sahajomy-platform\backend\app\api\v1\sourcing_agent\routes.py:1079
BatchDetail,Sourcing Agent,fetchAll,/agent/batches/:batchId,pages/sourcing_agent/BatchDetail.jsx,services/api.js,/sourcing_agent/batches/{id}/products,GET,"batch_id: str, db: Session=Depends(get_db), agent: User=Depends(get_sourcing_agent)",inline,FastAPI authenticated/role dependency; inspect handler,API call exists without verified page/action parity,partially implemented,Expose fetchAll in the mobile BatchDetail flow,"+ Add Product Feature | Add Product | Close Batch | Close Batch First | Open Batch | Reopen Batch | Share to WhatsApp | Share via Apps | handleBook(c.id)}
                          className=""px-4 py-2 bg-accent text-white rounded-lg text-sm hover:bg-accent-dark whitespace-nowrap""
                        >
                          Confirm Booking | setDeleteProductTarget(p)} className=""inline-flex items-center gap-1 text-xs font-medium text-danger hover:underline""> Delete product | setEditingAddressCity(true)}>Change city | setIsEditingTitle(true)}
                        className=""app-button-secondary tap-button px-3 py-1.5 text-xs inline-flex items-center gap-1 w-fit""
                      >
                        
                        Edit title | startEditingProduct(p)} className=""inline-flex items-center gap-1 text-xs font-medium text-accent hover:underline""> Edit product",,D:\Projects\sahajomy-platform\backend\app\api\v1\sourcing_agent\routes.py:1614
BatchDetail,Sourcing Agent,fetchAll,/agent/batches/:batchId,pages/sourcing_agent/BatchDetail.jsx,services/api.js,/sourcing_agent/batches/{id}/orders,GET,"batch_id: str, skip: int=0, limit: int=20, db: Session=Depends(get_db), agent: User=Depends(get_sourcing_agent)",inline,FastAPI authenticated/role dependency; inspect handler,API call exists without verified page/action parity,partially implemented,Expose fetchAll in the mobile BatchDetail flow,"+ Add Product Feature | Add Product | Close Batch | Close Batch First | Open Batch | Reopen Batch | Share to WhatsApp | Share via Apps | handleBook(c.id)}
                          className=""px-4 py-2 bg-accent text-white rounded-lg text-sm hover:bg-accent-dark whitespace-nowrap""
                        >
                          Confirm Booking | setDeleteProductTarget(p)} className=""inline-flex items-center gap-1 text-xs font-medium text-danger hover:underline""> Delete product | setEditingAddressCity(true)}>Change city | setIsEditingTitle(true)}
                        className=""app-button-secondary tap-button px-3 py-1.5 text-xs inline-flex items-center gap-1 w-fit""
                      >
                        
                        Edit title | startEditingProduct(p)} className=""inline-flex items-center gap-1 text-xs font-medium text-accent hover:underline""> Edit product",,D:\Projects\sahajomy-platform\backend\app\api\v1\sourcing_agent\routes.py:1239
BatchDetail,Sourcing Agent,GET /sourcing_agent/containers/available,/agent/batches/:batchId,pages/sourcing_agent/BatchDetail.jsx,services/api.js,/sourcing_agent/containers/available,GET,"db: Session=Depends(get_db), agent: User=Depends(get_sourcing_agent)",inline,FastAPI authenticated/role dependency; inspect handler,API call exists without verified page/action parity,partially implemented,Expose get in the mobile BatchDetail flow,"+ Add Product Feature | Add Product | Close Batch | Close Batch First | Open Batch | Reopen Batch | Share to WhatsApp | Share via Apps | handleBook(c.id)}
                          className=""px-4 py-2 bg-accent text-white rounded-lg text-sm hover:bg-accent-dark whitespace-nowrap""
                        >
                          Confirm Booking | setDeleteProductTarget(p)} className=""inline-flex items-center gap-1 text-xs font-medium text-danger hover:underline""> Delete product | setEditingAddressCity(true)}>Change city | setIsEditingTitle(true)}
                        className=""app-button-secondary tap-button px-3 py-1.5 text-xs inline-flex items-center gap-1 w-fit""
                      >
                        
                        Edit title | startEditingProduct(p)} className=""inline-flex items-center gap-1 text-xs font-medium text-accent hover:underline""> Edit product",,D:\Projects\sahajomy-platform\backend\app\api\v1\sourcing_agent\routes.py:1938
BatchDetail,Sourcing Agent,GET /public/goods/categories,/agent/batches/:batchId,pages/sourcing_agent/BatchDetail.jsx,services/api.js,/public/goods/categories,GET,db: Session=Depends(get_db),inline,FastAPI authenticated/role dependency; inspect handler,API call exists without verified page/action parity,partially implemented,Expose get in the mobile BatchDetail flow,"+ Add Product Feature | Add Product | Close Batch | Close Batch First | Open Batch | Reopen Batch | Share to WhatsApp | Share via Apps | handleBook(c.id)}
                          className=""px-4 py-2 bg-accent text-white rounded-lg text-sm hover:bg-accent-dark whitespace-nowrap""
                        >
                          Confirm Booking | setDeleteProductTarget(p)} className=""inline-flex items-center gap-1 text-xs font-medium text-danger hover:underline""> Delete product | setEditingAddressCity(true)}>Change city | setIsEditingTitle(true)}
                        className=""app-button-secondary tap-button px-3 py-1.5 text-xs inline-flex items-center gap-1 w-fit""
                      >
                        
                        Edit title | startEditingProduct(p)} className=""inline-flex items-center gap-1 text-xs font-medium text-accent hover:underline""> Edit product",,D:\Projects\sahajomy-platform\backend\app\api\v1\public.py:477
BatchDetail,Sourcing Agent,GET /forwarding/china-addresses,/agent/batches/:batchId,pages/sourcing_agent/BatchDetail.jsx,services/api.js,/forwarding/china-addresses,GET,"db: Session=Depends(get_db), user: User=Depends(get_booking_user)",inline,FastAPI authenticated/role dependency; inspect handler,none found,missing,Expose get in the mobile BatchDetail flow,"+ Add Product Feature | Add Product | Close Batch | Close Batch First | Open Batch | Reopen Batch | Share to WhatsApp | Share via Apps | handleBook(c.id)}
                          className=""px-4 py-2 bg-accent text-white rounded-lg text-sm hover:bg-accent-dark whitespace-nowrap""
                        >
                          Confirm Booking | setDeleteProductTarget(p)} className=""inline-flex items-center gap-1 text-xs font-medium text-danger hover:underline""> Delete product | setEditingAddressCity(true)}>Change city | setIsEditingTitle(true)}
                        className=""app-button-secondary tap-button px-3 py-1.5 text-xs inline-flex items-center gap-1 w-fit""
                      >
                        
                        Edit title | startEditingProduct(p)} className=""inline-flex items-center gap-1 text-xs font-medium text-accent hover:underline""> Edit product",,D:\Projects\sahajomy-platform\backend\app\api\v1\forwarding.py:135
BatchDetail,Sourcing Agent,packingListsRes,/agent/batches/:batchId,pages/sourcing_agent/BatchDetail.jsx,services/api.js,/sourcing_agent/batches/{id}/packing-lists,GET,"batch_id: str, db: Session=Depends(get_db), agent: User=Depends(get_sourcing_agent)",List[PackingListSummaryResponse],FastAPI authenticated/role dependency; inspect handler,none found,missing,Expose packingListsRes in the mobile BatchDetail flow,"+ Add Product Feature | Add Product | Close Batch | Close Batch First | Open Batch | Reopen Batch | Share to WhatsApp | Share via Apps | handleBook(c.id)}
                          className=""px-4 py-2 bg-accent text-white rounded-lg text-sm hover:bg-accent-dark whitespace-nowrap""
                        >
                          Confirm Booking | setDeleteProductTarget(p)} className=""inline-flex items-center gap-1 text-xs font-medium text-danger hover:underline""> Delete product | setEditingAddressCity(true)}>Change city | setIsEditingTitle(true)}
                        className=""app-button-secondary tap-button px-3 py-1.5 text-xs inline-flex items-center gap-1 w-fit""
                      >
                        
                        Edit title | startEditingProduct(p)} className=""inline-flex items-center gap-1 text-xs font-medium text-accent hover:underline""> Edit product",,D:\Projects\sahajomy-platform\backend\app\api\v1\sourcing_agent\routes.py:2524
BatchDetail,Sourcing Agent,response,/agent/batches/:batchId,pages/sourcing_agent/BatchDetail.jsx,services/api.js,/sourcing_agent/goods/types/{id}/attribute-templates,GET,"goods_type_id: UUID, db: Session=Depends(get_db), agent: User=Depends(get_sourcing_agent)",inline,FastAPI authenticated/role dependency; inspect handler,API call exists without verified page/action parity,partially implemented,Expose response in the mobile BatchDetail flow,"+ Add Product Feature | Add Product | Close Batch | Close Batch First | Open Batch | Reopen Batch | Share to WhatsApp | Share via Apps | handleBook(c.id)}
                          className=""px-4 py-2 bg-accent text-white rounded-lg text-sm hover:bg-accent-dark whitespace-nowrap""
                        >
                          Confirm Booking | setDeleteProductTarget(p)} className=""inline-flex items-center gap-1 text-xs font-medium text-danger hover:underline""> Delete product | setEditingAddressCity(true)}>Change city | setIsEditingTitle(true)}
                        className=""app-button-secondary tap-button px-3 py-1.5 text-xs inline-flex items-center gap-1 w-fit""
                      >
                        
                        Edit title | startEditingProduct(p)} className=""inline-flex items-center gap-1 text-xs font-medium text-accent hover:underline""> Edit product",,D:\Projects\sahajomy-platform\backend\app\api\v1\sourcing_agent\routes.py:1673
BatchDetail,Sourcing Agent,openBatch,/agent/batches/:batchId,pages/sourcing_agent/BatchDetail.jsx,services/api.js,/sourcing_agent/batches/{id}/open,POST,"batch_id: str, db: Session=Depends(get_db), agent: User=Depends(get_sourcing_agent)",inline,FastAPI authenticated/role dependency; inspect handler,none found,missing,Expose openBatch in the mobile BatchDetail flow,"+ Add Product Feature | Add Product | Close Batch | Close Batch First | Open Batch | Reopen Batch | Share to WhatsApp | Share via Apps | handleBook(c.id)}
                          className=""px-4 py-2 bg-accent text-white rounded-lg text-sm hover:bg-accent-dark whitespace-nowrap""
                        >
                          Confirm Booking | setDeleteProductTarget(p)} className=""inline-flex items-center gap-1 text-xs font-medium text-danger hover:underline""> Delete product | setEditingAddressCity(true)}>Change city | setIsEditingTitle(true)}
                        className=""app-button-secondary tap-button px-3 py-1.5 text-xs inline-flex items-center gap-1 w-fit""
                      >
                        
                        Edit title | startEditingProduct(p)} className=""inline-flex items-center gap-1 text-xs font-medium text-accent hover:underline""> Edit product",,D:\Projects\sahajomy-platform\backend\app\api\v1\sourcing_agent\routes.py:3565
BatchDetail,Sourcing Agent,closeBatch,/agent/batches/:batchId,pages/sourcing_agent/BatchDetail.jsx,services/api.js,/sourcing_agent/batches/{id}/close,POST,"batch_id: str, db: Session=Depends(get_db), agent: User=Depends(get_sourcing_agent)",inline,FastAPI authenticated/role dependency; inspect handler,none found,missing,Expose closeBatch in the mobile BatchDetail flow,"+ Add Product Feature | Add Product | Close Batch | Close Batch First | Open Batch | Reopen Batch | Share to WhatsApp | Share via Apps | handleBook(c.id)}
                          className=""px-4 py-2 bg-accent text-white rounded-lg text-sm hover:bg-accent-dark whitespace-nowrap""
                        >
                          Confirm Booking | setDeleteProductTarget(p)} className=""inline-flex items-center gap-1 text-xs font-medium text-danger hover:underline""> Delete product | setEditingAddressCity(true)}>Change city | setIsEditingTitle(true)}
                        className=""app-button-secondary tap-button px-3 py-1.5 text-xs inline-flex items-center gap-1 w-fit""
                      >
                        
                        Edit title | startEditingProduct(p)} className=""inline-flex items-center gap-1 text-xs font-medium text-accent hover:underline""> Edit product",,D:\Projects\sahajomy-platform\backend\app\api\v1\sourcing_agent\routes.py:3634
BatchDetail,Sourcing Agent,response,/agent/batches/:batchId,pages/sourcing_agent/BatchDetail.jsx,services/api.js,/sourcing_agent/batches/{id},PATCH,"batch_id: str, body: BatchUpdate, db: Session=Depends(get_db), agent: User=Depends(get_sourcing_agent)",inline,FastAPI authenticated/role dependency; inspect handler,none found,missing,Expose response in the mobile BatchDetail flow,"+ Add Product Feature | Add Product | Close Batch | Close Batch First | Open Batch | Reopen Batch | Share to WhatsApp | Share via Apps | handleBook(c.id)}
                          className=""px-4 py-2 bg-accent text-white rounded-lg text-sm hover:bg-accent-dark whitespace-nowrap""
                        >
                          Confirm Booking | setDeleteProductTarget(p)} className=""inline-flex items-center gap-1 text-xs font-medium text-danger hover:underline""> Delete product | setEditingAddressCity(true)}>Change city | setIsEditingTitle(true)}
                        className=""app-button-secondary tap-button px-3 py-1.5 text-xs inline-flex items-center gap-1 w-fit""
                      >
                        
                        Edit title | startEditingProduct(p)} className=""inline-flex items-center gap-1 text-xs font-medium text-accent hover:underline""> Edit product",,D:\Projects\sahajomy-platform\backend\app\api\v1\sourcing_agent\routes.py:1185
BatchDetail,Sourcing Agent,PATCH /sourcing_agent/batches/{id}/products/{id},/agent/batches/:batchId,pages/sourcing_agent/BatchDetail.jsx,services/api.js,/sourcing_agent/batches/{id}/products/{id},PATCH,"batch_id: str, product_id: UUID, body: ProductUpdate, db: Session=Depends(get_db), agent: User=Depends(get_sourcing_agent)",inline,FastAPI authenticated/role dependency; inspect handler,API call exists without verified page/action parity,partially implemented,Expose patch in the mobile BatchDetail flow,"+ Add Product Feature | Add Product | Close Batch | Close Batch First | Open Batch | Reopen Batch | Share to WhatsApp | Share via Apps | handleBook(c.id)}
                          className=""px-4 py-2 bg-accent text-white rounded-lg text-sm hover:bg-accent-dark whitespace-nowrap""
                        >
                          Confirm Booking | setDeleteProductTarget(p)} className=""inline-flex items-center gap-1 text-xs font-medium text-danger hover:underline""> Delete product | setEditingAddressCity(true)}>Change city | setIsEditingTitle(true)}
                        className=""app-button-secondary tap-button px-3 py-1.5 text-xs inline-flex items-center gap-1 w-fit""
                      >
                        
                        Edit title | startEditingProduct(p)} className=""inline-flex items-center gap-1 text-xs font-medium text-accent hover:underline""> Edit product",,D:\Projects\sahajomy-platform\backend\app\api\v1\sourcing_agent\routes.py:1694
BatchDetail,Sourcing Agent,POST /sourcing_agent/batches/{id}/products,/agent/batches/:batchId,pages/sourcing_agent/BatchDetail.jsx,services/api.js,/sourcing_agent/batches/{id}/products,POST,"batch_id: str, body: ProductCreate, db: Session=Depends(get_db), agent: User=Depends(get_sourcing_agent)",inline,FastAPI authenticated/role dependency; inspect handler,API call exists without verified page/action parity,partially implemented,Expose post in the mobile BatchDetail flow,"+ Add Product Feature | Add Product | Close Batch | Close Batch First | Open Batch | Reopen Batch | Share to WhatsApp | Share via Apps | handleBook(c.id)}
                          className=""px-4 py-2 bg-accent text-white rounded-lg text-sm hover:bg-accent-dark whitespace-nowrap""
                        >
                          Confirm Booking | setDeleteProductTarget(p)} className=""inline-flex items-center gap-1 text-xs font-medium text-danger hover:underline""> Delete product | setEditingAddressCity(true)}>Change city | setIsEditingTitle(true)}
                        className=""app-button-secondary tap-button px-3 py-1.5 text-xs inline-flex items-center gap-1 w-fit""
                      >
                        
                        Edit title | startEditingProduct(p)} className=""inline-flex items-center gap-1 text-xs font-medium text-accent hover:underline""> Edit product",,D:\Projects\sahajomy-platform\backend\app\api\v1\sourcing_agent\routes.py:1509
BatchDetail,Sourcing Agent,handleDeleteProduct,/agent/batches/:batchId,pages/sourcing_agent/BatchDetail.jsx,services/api.js,/sourcing_agent/batches/{id}/products/{id},DELETE,"batch_id: str, product_id: str, db: Session=Depends(get_db), current_user: User=Depends(get_sourcing_agent)",inline,FastAPI authenticated/role dependency; inspect handler,none found,missing,Expose handleDeleteProduct in the mobile BatchDetail flow,"+ Add Product Feature | Add Product | Close Batch | Close Batch First | Open Batch | Reopen Batch | Share to WhatsApp | Share via Apps | handleBook(c.id)}
                          className=""px-4 py-2 bg-accent text-white rounded-lg text-sm hover:bg-accent-dark whitespace-nowrap""
                        >
                          Confirm Booking | setDeleteProductTarget(p)} className=""inline-flex items-center gap-1 text-xs font-medium text-danger hover:underline""> Delete product | setEditingAddressCity(true)}>Change city | setIsEditingTitle(true)}
                        className=""app-button-secondary tap-button px-3 py-1.5 text-xs inline-flex items-center gap-1 w-fit""
                      >
                        
                        Edit title | startEditingProduct(p)} className=""inline-flex items-center gap-1 text-xs font-medium text-accent hover:underline""> Edit product",,D:\Projects\sahajomy-platform\backend\app\api\v1\sourcing_agent\routes.py:1778
BatchDetail,Sourcing Agent,res,/agent/batches/:batchId,pages/sourcing_agent/BatchDetail.jsx,services/api.js,/sourcing_agent/batches/{id}/products/upload,POST,"batch_id: str, file: UploadFile=File(...), db: Session=Depends(get_db), agent: User=Depends(get_sourcing_agent)",inline,FastAPI authenticated/role dependency; inspect handler,none found,missing,Expose res in the mobile BatchDetail flow,"+ Add Product Feature | Add Product | Close Batch | Close Batch First | Open Batch | Reopen Batch | Share to WhatsApp | Share via Apps | handleBook(c.id)}
                          className=""px-4 py-2 bg-accent text-white rounded-lg text-sm hover:bg-accent-dark whitespace-nowrap""
                        >
                          Confirm Booking | setDeleteProductTarget(p)} className=""inline-flex items-center gap-1 text-xs font-medium text-danger hover:underline""> Delete product | setEditingAddressCity(true)}>Change city | setIsEditingTitle(true)}
                        className=""app-button-secondary tap-button px-3 py-1.5 text-xs inline-flex items-center gap-1 w-fit""
                      >
                        
                        Edit title | startEditingProduct(p)} className=""inline-flex items-center gap-1 text-xs font-medium text-accent hover:underline""> Edit product",,D:\Projects\sahajomy-platform\backend\app\api\v1\sourcing_agent\routes.py:1439
BatchDetail,Sourcing Agent,res,/agent/batches/:batchId,pages/sourcing_agent/BatchDetail.jsx,services/api.js,/sourcing_agent/batches/{id}/products/import-instagram,POST,"batch_id: str, request: InstagramImportRequest, db: Session=Depends(get_db), agent: User=Depends(get_sourcing_agent)",InstagramImportResponse,FastAPI authenticated/role dependency; inspect handler,API call exists without verified page/action parity,partially implemented,Expose res in the mobile BatchDetail flow,"+ Add Product Feature | Add Product | Close Batch | Close Batch First | Open Batch | Reopen Batch | Share to WhatsApp | Share via Apps | handleBook(c.id)}
                          className=""px-4 py-2 bg-accent text-white rounded-lg text-sm hover:bg-accent-dark whitespace-nowrap""
                        >
                          Confirm Booking | setDeleteProductTarget(p)} className=""inline-flex items-center gap-1 text-xs font-medium text-danger hover:underline""> Delete product | setEditingAddressCity(true)}>Change city | setIsEditingTitle(true)}
                        className=""app-button-secondary tap-button px-3 py-1.5 text-xs inline-flex items-center gap-1 w-fit""
                      >
                        
                        Edit title | startEditingProduct(p)} className=""inline-flex items-center gap-1 text-xs font-medium text-accent hover:underline""> Edit product",,D:\Projects\sahajomy-platform\backend\app\api\v1\sourcing_agent\routes.py:1383
BatchDetail,Sourcing Agent,profileRes,/agent/batches/:batchId,pages/sourcing_agent/BatchDetail.jsx,services/api.js,/forwarding/profile,PATCH,"body: ForwardingProfileRequest, db: Session=Depends(get_db), user: User=Depends(get_booking_user)",inline,FastAPI authenticated/role dependency; inspect handler,none found,missing,Expose profileRes in the mobile BatchDetail flow,"+ Add Product Feature | Add Product | Close Batch | Close Batch First | Open Batch | Reopen Batch | Share to WhatsApp | Share via Apps | handleBook(c.id)}
                          className=""px-4 py-2 bg-accent text-white rounded-lg text-sm hover:bg-accent-dark whitespace-nowrap""
                        >
                          Confirm Booking | setDeleteProductTarget(p)} className=""inline-flex items-center gap-1 text-xs font-medium text-danger hover:underline""> Delete product | setEditingAddressCity(true)}>Change city | setIsEditingTitle(true)}
                        className=""app-button-secondary tap-button px-3 py-1.5 text-xs inline-flex items-center gap-1 w-fit""
                      >
                        
                        Edit title | startEditingProduct(p)} className=""inline-flex items-center gap-1 text-xs font-medium text-accent hover:underline""> Edit product",,D:\Projects\sahajomy-platform\backend\app\api\v1\forwarding.py:162
BatchDetail,Sourcing Agent,addressRes,/agent/batches/:batchId,pages/sourcing_agent/BatchDetail.jsx,services/api.js,/forwarding/prepare-address,POST,"body: PrepareChinaAddressRequest, db: Session=Depends(get_db), user: User=Depends(get_booking_user)",inline,FastAPI authenticated/role dependency; inspect handler,API call exists without verified page/action parity,partially implemented,Expose addressRes in the mobile BatchDetail flow,"+ Add Product Feature | Add Product | Close Batch | Close Batch First | Open Batch | Reopen Batch | Share to WhatsApp | Share via Apps | handleBook(c.id)}
                          className=""px-4 py-2 bg-accent text-white rounded-lg text-sm hover:bg-accent-dark whitespace-nowrap""
                        >
                          Confirm Booking | setDeleteProductTarget(p)} className=""inline-flex items-center gap-1 text-xs font-medium text-danger hover:underline""> Delete product | setEditingAddressCity(true)}>Change city | setIsEditingTitle(true)}
                        className=""app-button-secondary tap-button px-3 py-1.5 text-xs inline-flex items-center gap-1 w-fit""
                      >
                        
                        Edit title | startEditingProduct(p)} className=""inline-flex items-center gap-1 text-xs font-medium text-accent hover:underline""> Edit product",,D:\Projects\sahajomy-platform\backend\app\api\v1\forwarding.py:194
BatchDetail,Sourcing Agent,res,/agent/batches/:batchId,pages/sourcing_agent/BatchDetail.jsx,services/api.js,/sourcing_agent/batches/{id}/book-cbm,POST,"batch_id: str, body: BookCBMRequest, db: Session=Depends(get_db), agent: User=Depends(get_sourcing_agent)",inline,FastAPI authenticated/role dependency; inspect handler,none found,missing,Expose res in the mobile BatchDetail flow,"+ Add Product Feature | Add Product | Close Batch | Close Batch First | Open Batch | Reopen Batch | Share to WhatsApp | Share via Apps | handleBook(c.id)}
                          className=""px-4 py-2 bg-accent text-white rounded-lg text-sm hover:bg-accent-dark whitespace-nowrap""
                        >
                          Confirm Booking | setDeleteProductTarget(p)} className=""inline-flex items-center gap-1 text-xs font-medium text-danger hover:underline""> Delete product | setEditingAddressCity(true)}>Change city | setIsEditingTitle(true)}
                        className=""app-button-secondary tap-button px-3 py-1.5 text-xs inline-flex items-center gap-1 w-fit""
                      >
                        
                        Edit title | startEditingProduct(p)} className=""inline-flex items-center gap-1 text-xs font-medium text-accent hover:underline""> Edit product",,D:\Projects\sahajomy-platform\backend\app\api\v1\sourcing_agent\routes.py:2260
BatchDetail,Sourcing Agent,res,/agent/batches/:batchId,pages/sourcing_agent/BatchDetail.jsx,services/api.js,/sourcing_agent/batches/{id}/share,POST,"batch_id: str, body: ShareTokenRequest, db: Session=Depends(get_db), agent: User=Depends(get_sourcing_agent)",inline,FastAPI authenticated/role dependency; inspect handler,API call exists without verified page/action parity,partially implemented,Expose res in the mobile BatchDetail flow,"+ Add Product Feature | Add Product | Close Batch | Close Batch First | Open Batch | Reopen Batch | Share to WhatsApp | Share via Apps | handleBook(c.id)}
                          className=""px-4 py-2 bg-accent text-white rounded-lg text-sm hover:bg-accent-dark whitespace-nowrap""
                        >
                          Confirm Booking | setDeleteProductTarget(p)} className=""inline-flex items-center gap-1 text-xs font-medium text-danger hover:underline""> Delete product | setEditingAddressCity(true)}>Change city | setIsEditingTitle(true)}
                        className=""app-button-secondary tap-button px-3 py-1.5 text-xs inline-flex items-center gap-1 w-fit""
                      >
                        
                        Edit title | startEditingProduct(p)} className=""inline-flex items-center gap-1 text-xs font-medium text-accent hover:underline""> Edit product",,D:\Projects\sahajomy-platform\backend\app\api\v1\sourcing_agent\routes.py:1882
Batches,Sourcing Agent,bRes,/agent/batches,pages/sourcing_agent/Batches.jsx,services/api.js,/sourcing_agent/batches,GET,"status: Optional[str]=None, skip: int=0, limit: int=20, db: Session=Depends(get_db), agent: User=Depends(get_sourcing_agent)",inline,FastAPI authenticated/role dependency; inspect handler,API call exists without verified page/action parity,partially implemented,Expose bRes in the mobile Batches flow,"Create Batch | setShowCreate(false)}
                      className=""flex-1 app-button-secondary tap-button px-4 py-2.5 text-sm font-medium""
                    >
                      Cancel | setShowCreate(false)}
                  className=""p-2 hover:bg-secondary rounded-full transition-colors""
                > | setShowCreate(true)}
                className=""app-button-primary tap-button px-6 py-3 text-sm inline-flex items-center gap-2""
              >
                
                Create Your First Batch | setShowCreate(true)}
            className=""app-button-primary tap-button flex shrink-0 items-center justify-center gap-1.5 px-3 py-2.5 shadow-sm sm:min-w-[140px] sm:gap-2 sm:px-6 sm:py-3""
          >
            
            New Batch",,D:\Projects\sahajomy-platform\backend\app\api\v1\sourcing_agent\routes.py:1038
Batches,Sourcing Agent,handleCreate,/agent/batches,pages/sourcing_agent/Batches.jsx,services/api.js,/sourcing_agent/batches,POST,"body: BatchCreate, db: Session=Depends(get_db), agent: User=Depends(get_sourcing_agent)",inline,FastAPI authenticated/role dependency; inspect handler,API call exists without verified page/action parity,partially implemented,Expose handleCreate in the mobile Batches flow,"Create Batch | setShowCreate(false)}
                      className=""flex-1 app-button-secondary tap-button px-4 py-2.5 text-sm font-medium""
                    >
                      Cancel | setShowCreate(false)}
                  className=""p-2 hover:bg-secondary rounded-full transition-colors""
                > | setShowCreate(true)}
                className=""app-button-primary tap-button px-6 py-3 text-sm inline-flex items-center gap-2""
              >
                
                Create Your First Batch | setShowCreate(true)}
            className=""app-button-primary tap-button flex shrink-0 items-center justify-center gap-1.5 px-3 py-2.5 shadow-sm sm:min-w-[140px] sm:gap-2 sm:px-6 sm:py-3""
          >
            
            New Batch",,D:\Projects\sahajomy-platform\backend\app\api\v1\sourcing_agent\routes.py:1326
Batches,Sourcing Agent,handleStatusAction,/agent/batches,pages/sourcing_agent/Batches.jsx,services/api.js,/sourcing_agent/batches/{id}/open,POST,"batch_id: str, db: Session=Depends(get_db), agent: User=Depends(get_sourcing_agent)",inline,FastAPI authenticated/role dependency; inspect handler,none found,missing,Expose handleStatusAction in the mobile Batches flow,"Create Batch | setShowCreate(false)}
                      className=""flex-1 app-button-secondary tap-button px-4 py-2.5 text-sm font-medium""
                    >
                      Cancel | setShowCreate(false)}
                  className=""p-2 hover:bg-secondary rounded-full transition-colors""
                > | setShowCreate(true)}
                className=""app-button-primary tap-button px-6 py-3 text-sm inline-flex items-center gap-2""
              >
                
                Create Your First Batch | setShowCreate(true)}
            className=""app-button-primary tap-button flex shrink-0 items-center justify-center gap-1.5 px-3 py-2.5 shadow-sm sm:min-w-[140px] sm:gap-2 sm:px-6 sm:py-3""
          >
            
            New Batch",,D:\Projects\sahajomy-platform\backend\app\api\v1\sourcing_agent\routes.py:3565
Batches,Sourcing Agent,handleStatusAction,/agent/batches,pages/sourcing_agent/Batches.jsx,services/api.js,/sourcing_agent/batches/{id}/open,POST,"batch_id: str, db: Session=Depends(get_db), agent: User=Depends(get_sourcing_agent)",inline,FastAPI authenticated/role dependency; inspect handler,none found,missing,Expose handleStatusAction in the mobile Batches flow,"Create Batch | setShowCreate(false)}
                      className=""flex-1 app-button-secondary tap-button px-4 py-2.5 text-sm font-medium""
                    >
                      Cancel | setShowCreate(false)}
                  className=""p-2 hover:bg-secondary rounded-full transition-colors""
                > | setShowCreate(true)}
                className=""app-button-primary tap-button px-6 py-3 text-sm inline-flex items-center gap-2""
              >
                
                Create Your First Batch | setShowCreate(true)}
            className=""app-button-primary tap-button flex shrink-0 items-center justify-center gap-1.5 px-3 py-2.5 shadow-sm sm:min-w-[140px] sm:gap-2 sm:px-6 sm:py-3""
          >
            
            New Batch",,D:\Projects\sahajomy-platform\backend\app\api\v1\sourcing_agent\routes.py:3565
Batches,Sourcing Agent,handleStatusAction,/agent/batches,pages/sourcing_agent/Batches.jsx,services/api.js,/sourcing_agent/batches/{id}/close,POST,"batch_id: str, db: Session=Depends(get_db), agent: User=Depends(get_sourcing_agent)",inline,FastAPI authenticated/role dependency; inspect handler,none found,missing,Expose handleStatusAction in the mobile Batches flow,"Create Batch | setShowCreate(false)}
                      className=""flex-1 app-button-secondary tap-button px-4 py-2.5 text-sm font-medium""
                    >
                      Cancel | setShowCreate(false)}
                  className=""p-2 hover:bg-secondary rounded-full transition-colors""
                > | setShowCreate(true)}
                className=""app-button-primary tap-button px-6 py-3 text-sm inline-flex items-center gap-2""
              >
                
                Create Your First Batch | setShowCreate(true)}
            className=""app-button-primary tap-button flex shrink-0 items-center justify-center gap-1.5 px-3 py-2.5 shadow-sm sm:min-w-[140px] sm:gap-2 sm:px-6 sm:py-3""
          >
            
            New Batch",,D:\Projects\sahajomy-platform\backend\app\api\v1\sourcing_agent\routes.py:3634
Batches,Sourcing Agent,handleDeleteBatch,/agent/batches,pages/sourcing_agent/Batches.jsx,services/api.js,/sourcing_agent/batches/{id},DELETE,"batch_id: str, db: Session=Depends(get_db), current_user: User=Depends(get_sourcing_agent)",inline,FastAPI authenticated/role dependency; inspect handler,none found,missing,Expose handleDeleteBatch in the mobile Batches flow,"Create Batch | setShowCreate(false)}
                      className=""flex-1 app-button-secondary tap-button px-4 py-2.5 text-sm font-medium""
                    >
                      Cancel | setShowCreate(false)}
                  className=""p-2 hover:bg-secondary rounded-full transition-colors""
                > | setShowCreate(true)}
                className=""app-button-primary tap-button px-6 py-3 text-sm inline-flex items-center gap-2""
              >
                
                Create Your First Batch | setShowCreate(true)}
            className=""app-button-primary tap-button flex shrink-0 items-center justify-center gap-1.5 px-3 py-2.5 shadow-sm sm:min-w-[140px] sm:gap-2 sm:px-6 sm:py-3""
          >
            
            New Batch",,D:\Projects\sahajomy-platform\backend\app\api\v1\sourcing_agent\routes.py:1836
BatchFinancials,Sourcing Agent,response,/agent/batches/:batchId/financials,pages/sourcing_agent/BatchFinancials.jsx,services/api.js,/sourcing_agent/batches/{id}/financials,GET,"batch_id: str, db: Session=Depends(get_db), agent: User=Depends(get_sourcing_agent)",inline,FastAPI authenticated/role dependency; inspect handler,API call exists without verified page/action parity,partially implemented,Expose response in the mobile BatchFinancials flow,"Try Again | navigate(-1)}
              className=""p-2 hover:bg-secondary rounded-lg transition-colors""
            > | navigate(-1)}
            className=""mt-4 app-button-secondary tap-button px-6 py-3 font-medium inline-flex items-center gap-2""
          >
            
            Go Back | onGenerateInvoice(order.id)}
          className=""text-accent hover:text-accent-dark p-1 rounded transition-colors""
          title=""Generate Invoice""
        > | onGenerateReceipt(order.id)}
          className=""text-accent hover:text-accent-dark p-1 rounded transition-colors""
          title=""Generate Receipt""
        > | onGenerateReceipt(order.id)}
          className=""text-accent hover:text-accent-dark p-1 rounded transition-colors""
          title=""Regenerate Receipt PDF""
        > | onShareInvoice(order.id)}
          className=""text-brand hover:text-brand-dark p-1 rounded transition-colors""
          title=""Share Invoice with Customer""
        > | onUpdatePaymentStatus(order.id, order.payment_status)}
          className=""text-accent hover:text-accent-dark p-1 rounded transition-colors""
          title=""Mark as paid""
        > | onUpdatePaymentStatus(order.id, order.payment_status)}
        className=""text-warning hover:text-warning-dark p-1 rounded transition-colors""
        title=""Mark as unpaid""
      > | onViewDocument(order.invoice_pdf_url)}
            className=""text-accent hover:text-accent-dark p-1 rounded transition-colors""
            title=""Open Invoice PDF""
          > | onViewDocument(order.receipt_pdf_url)}
          className=""text-accent hover:text-accent-dark p-1 rounded transition-colors""
          title=""Open Receipt PDF""
        >",,D:\Projects\sahajomy-platform\backend\app\api\v1\sourcing_agent\routes.py:2436
BatchFinancials,Sourcing Agent,newStatus,/agent/batches/:batchId/financials,pages/sourcing_agent/BatchFinancials.jsx,services/api.js,/sourcing_agent/orders/{id}/update-payment-status,POST,"order_id: str, payment_status: str=Query(..., regex='^(unpaid|paid)$'), db: Session=Depends(get_db), agent: User=Depends(get_sourcing_agent)",inline,FastAPI authenticated/role dependency; inspect handler,API call exists without verified page/action parity,partially implemented,Expose newStatus in the mobile BatchFinancials flow,"Try Again | navigate(-1)}
              className=""p-2 hover:bg-secondary rounded-lg transition-colors""
            > | navigate(-1)}
            className=""mt-4 app-button-secondary tap-button px-6 py-3 font-medium inline-flex items-center gap-2""
          >
            
            Go Back | onGenerateInvoice(order.id)}
          className=""text-accent hover:text-accent-dark p-1 rounded transition-colors""
          title=""Generate Invoice""
        > | onGenerateReceipt(order.id)}
          className=""text-accent hover:text-accent-dark p-1 rounded transition-colors""
          title=""Generate Receipt""
        > | onGenerateReceipt(order.id)}
          className=""text-accent hover:text-accent-dark p-1 rounded transition-colors""
          title=""Regenerate Receipt PDF""
        > | onShareInvoice(order.id)}
          className=""text-brand hover:text-brand-dark p-1 rounded transition-colors""
          title=""Share Invoice with Customer""
        > | onUpdatePaymentStatus(order.id, order.payment_status)}
          className=""text-accent hover:text-accent-dark p-1 rounded transition-colors""
          title=""Mark as paid""
        > | onUpdatePaymentStatus(order.id, order.payment_status)}
        className=""text-warning hover:text-warning-dark p-1 rounded transition-colors""
        title=""Mark as unpaid""
      > | onViewDocument(order.invoice_pdf_url)}
            className=""text-accent hover:text-accent-dark p-1 rounded transition-colors""
            title=""Open Invoice PDF""
          > | onViewDocument(order.receipt_pdf_url)}
          className=""text-accent hover:text-accent-dark p-1 rounded transition-colors""
          title=""Open Receipt PDF""
        >",,D:\Projects\sahajomy-platform\backend\app\api\v1\sourcing_agent\routes.py:4529
BatchFinancials,Sourcing Agent,response,/agent/batches/:batchId/financials,pages/sourcing_agent/BatchFinancials.jsx,services/api.js,/sourcing_agent/orders/{id}/generate-receipt,POST,"order_id: str, format: str=Query('both', regex='^(excel|pdf|both)$'), db: Session=Depends(get_db), agent: User=Depends(get_sourcing_agent)",inline,FastAPI authenticated/role dependency; inspect handler,API call exists without verified page/action parity,partially implemented,Expose response in the mobile BatchFinancials flow,"Try Again | navigate(-1)}
              className=""p-2 hover:bg-secondary rounded-lg transition-colors""
            > | navigate(-1)}
            className=""mt-4 app-button-secondary tap-button px-6 py-3 font-medium inline-flex items-center gap-2""
          >
            
            Go Back | onGenerateInvoice(order.id)}
          className=""text-accent hover:text-accent-dark p-1 rounded transition-colors""
          title=""Generate Invoice""
        > | onGenerateReceipt(order.id)}
          className=""text-accent hover:text-accent-dark p-1 rounded transition-colors""
          title=""Generate Receipt""
        > | onGenerateReceipt(order.id)}
          className=""text-accent hover:text-accent-dark p-1 rounded transition-colors""
          title=""Regenerate Receipt PDF""
        > | onShareInvoice(order.id)}
          className=""text-brand hover:text-brand-dark p-1 rounded transition-colors""
          title=""Share Invoice with Customer""
        > | onUpdatePaymentStatus(order.id, order.payment_status)}
          className=""text-accent hover:text-accent-dark p-1 rounded transition-colors""
          title=""Mark as paid""
        > | onUpdatePaymentStatus(order.id, order.payment_status)}
        className=""text-warning hover:text-warning-dark p-1 rounded transition-colors""
        title=""Mark as unpaid""
      > | onViewDocument(order.invoice_pdf_url)}
            className=""text-accent hover:text-accent-dark p-1 rounded transition-colors""
            title=""Open Invoice PDF""
          > | onViewDocument(order.receipt_pdf_url)}
          className=""text-accent hover:text-accent-dark p-1 rounded transition-colors""
          title=""Open Receipt PDF""
        >",,D:\Projects\sahajomy-platform\backend\app\api\v1\sourcing_agent\routes.py:3166
BatchFinancials,Sourcing Agent,response,/agent/batches/:batchId/financials,pages/sourcing_agent/BatchFinancials.jsx,services/api.js,/sourcing_agent/orders/{id}/generate-invoice,POST,"order_id: str, format: str=Query('both', regex='^(excel|pdf|both)$'), db: Session=Depends(get_db), agent: User=Depends(get_sourcing_agent)",inline,FastAPI authenticated/role dependency; inspect handler,API call exists without verified page/action parity,partially implemented,Expose response in the mobile BatchFinancials flow,"Try Again | navigate(-1)}
              className=""p-2 hover:bg-secondary rounded-lg transition-colors""
            > | navigate(-1)}
            className=""mt-4 app-button-secondary tap-button px-6 py-3 font-medium inline-flex items-center gap-2""
          >
            
            Go Back | onGenerateInvoice(order.id)}
          className=""text-accent hover:text-accent-dark p-1 rounded transition-colors""
          title=""Generate Invoice""
        > | onGenerateReceipt(order.id)}
          className=""text-accent hover:text-accent-dark p-1 rounded transition-colors""
          title=""Generate Receipt""
        > | onGenerateReceipt(order.id)}
          className=""text-accent hover:text-accent-dark p-1 rounded transition-colors""
          title=""Regenerate Receipt PDF""
        > | onShareInvoice(order.id)}
          className=""text-brand hover:text-brand-dark p-1 rounded transition-colors""
          title=""Share Invoice with Customer""
        > | onUpdatePaymentStatus(order.id, order.payment_status)}
          className=""text-accent hover:text-accent-dark p-1 rounded transition-colors""
          title=""Mark as paid""
        > | onUpdatePaymentStatus(order.id, order.payment_status)}
        className=""text-warning hover:text-warning-dark p-1 rounded transition-colors""
        title=""Mark as unpaid""
      > | onViewDocument(order.invoice_pdf_url)}
            className=""text-accent hover:text-accent-dark p-1 rounded transition-colors""
            title=""Open Invoice PDF""
          > | onViewDocument(order.receipt_pdf_url)}
          className=""text-accent hover:text-accent-dark p-1 rounded transition-colors""
          title=""Open Receipt PDF""
        >",,D:\Projects\sahajomy-platform\backend\app\api\v1\sourcing_agent\routes.py:3320
BatchFinancials,Sourcing Agent,response,/agent/batches/:batchId/financials,pages/sourcing_agent/BatchFinancials.jsx,services/api.js,/sourcing_agent/orders/{id}/share-invoice,POST,"order_id: str, db: Session=Depends(get_db), agent: User=Depends(get_sourcing_agent)",inline,FastAPI authenticated/role dependency; inspect handler,API call exists without verified page/action parity,partially implemented,Expose response in the mobile BatchFinancials flow,"Try Again | navigate(-1)}
              className=""p-2 hover:bg-secondary rounded-lg transition-colors""
            > | navigate(-1)}
            className=""mt-4 app-button-secondary tap-button px-6 py-3 font-medium inline-flex items-center gap-2""
          >
            
            Go Back | onGenerateInvoice(order.id)}
          className=""text-accent hover:text-accent-dark p-1 rounded transition-colors""
          title=""Generate Invoice""
        > | onGenerateReceipt(order.id)}
          className=""text-accent hover:text-accent-dark p-1 rounded transition-colors""
          title=""Generate Receipt""
        > | onGenerateReceipt(order.id)}
          className=""text-accent hover:text-accent-dark p-1 rounded transition-colors""
          title=""Regenerate Receipt PDF""
        > | onShareInvoice(order.id)}
          className=""text-brand hover:text-brand-dark p-1 rounded transition-colors""
          title=""Share Invoice with Customer""
        > | onUpdatePaymentStatus(order.id, order.payment_status)}
          className=""text-accent hover:text-accent-dark p-1 rounded transition-colors""
          title=""Mark as paid""
        > | onUpdatePaymentStatus(order.id, order.payment_status)}
        className=""text-warning hover:text-warning-dark p-1 rounded transition-colors""
        title=""Mark as unpaid""
      > | onViewDocument(order.invoice_pdf_url)}
            className=""text-accent hover:text-accent-dark p-1 rounded transition-colors""
            title=""Open Invoice PDF""
          > | onViewDocument(order.receipt_pdf_url)}
          className=""text-accent hover:text-accent-dark p-1 rounded transition-colors""
          title=""Open Receipt PDF""
        >",,D:\Projects\sahajomy-platform\backend\app\api\v1\sourcing_agent\routes.py:4604
ContainerDetail,Sourcing Agent,res,/agent/containers/:containerId,pages/sourcing_agent/ContainerDetail.jsx,services/api.js,/sourcing_agent/containers,GET,"db: Session=Depends(get_db), agent: User=Depends(get_sourcing_agent)",inline,FastAPI authenticated/role dependency; inspect handler,API call exists without verified page/action parity,partially implemented,Expose res in the mobile ContainerDetail flow,"navigate(""/agent/containers"")}
            className=""mb-3 inline-flex items-center gap-2 rounded-lg bg-secondary px-3 py-2 text-sm text-ink hover:bg-canvas""
          >
            
            Back to containers | navigate(""/agent/containers"")}
          className=""mt-4 inline-flex items-center gap-2 rounded-lg bg-secondary px-3 py-2 text-sm text-ink hover:bg-canvas""
        >
          
          Back to containers",,D:\Projects\sahajomy-platform\backend\app\api\v1\sourcing_agent\routes.py:2013
Containers,Sourcing Agent,GET /forwarding/china-addresses,/agent/containers,pages/sourcing_agent/Containers.jsx,services/api.js,/forwarding/china-addresses,GET,"db: Session=Depends(get_db), user: User=Depends(get_booking_user)",inline,FastAPI authenticated/role dependency; inspect handler,none found,missing,Expose get in the mobile Containers flow,"navigate(""/agent/batches"")}
              className=""mt-2 text-sm font-semibold text-accent hover:underline""
            >
              View My Batches → | setSelectedContainer(null)} className=""app-button-secondary text-xs"">Change service | setSelectedContainer(null)} className=""app-button-secondary"">Cancel",,D:\Projects\sahajomy-platform\backend\app\api\v1\forwarding.py:135
Containers,Sourcing Agent,response,/agent/containers,pages/sourcing_agent/Containers.jsx,services/api.js,/sourcing_agent/containers,GET,"db: Session=Depends(get_db), agent: User=Depends(get_sourcing_agent)",inline,FastAPI authenticated/role dependency; inspect handler,API call and route exist; interaction/state parity requires verification,partially implemented,Expose response in the mobile Containers flow,"navigate(""/agent/batches"")}
              className=""mt-2 text-sm font-semibold text-accent hover:underline""
            >
              View My Batches → | setSelectedContainer(null)} className=""app-button-secondary text-xs"">Change service | setSelectedContainer(null)} className=""app-button-secondary"">Cancel",,D:\Projects\sahajomy-platform\backend\app\api\v1\sourcing_agent\routes.py:2013
Containers,Sourcing Agent,response,/agent/containers,pages/sourcing_agent/Containers.jsx,services/api.js,/sourcing_agent/batches/closed,GET,"db: Session=Depends(get_db), agent: User=Depends(get_sourcing_agent)",inline,FastAPI authenticated/role dependency; inspect handler,none found,missing,Expose response in the mobile Containers flow,"navigate(""/agent/batches"")}
              className=""mt-2 text-sm font-semibold text-accent hover:underline""
            >
              View My Batches → | setSelectedContainer(null)} className=""app-button-secondary text-xs"">Change service | setSelectedContainer(null)} className=""app-button-secondary"">Cancel",,D:\Projects\sahajomy-platform\backend\app\api\v1\sourcing_agent\routes.py:1079
Containers,Sourcing Agent,profileRes,/agent/containers,pages/sourcing_agent/Containers.jsx,services/api.js,/forwarding/profile,PATCH,"body: ForwardingProfileRequest, db: Session=Depends(get_db), user: User=Depends(get_booking_user)",inline,FastAPI authenticated/role dependency; inspect handler,none found,missing,Expose profileRes in the mobile Containers flow,"navigate(""/agent/batches"")}
              className=""mt-2 text-sm font-semibold text-accent hover:underline""
            >
              View My Batches → | setSelectedContainer(null)} className=""app-button-secondary text-xs"">Change service | setSelectedContainer(null)} className=""app-button-secondary"">Cancel",,D:\Projects\sahajomy-platform\backend\app\api\v1\forwarding.py:162
Containers,Sourcing Agent,addressRes,/agent/containers,pages/sourcing_agent/Containers.jsx,services/api.js,/forwarding/prepare-address,POST,"body: PrepareChinaAddressRequest, db: Session=Depends(get_db), user: User=Depends(get_booking_user)",inline,FastAPI authenticated/role dependency; inspect handler,API call and route exist; interaction/state parity requires verification,partially implemented,Expose addressRes in the mobile Containers flow,"navigate(""/agent/batches"")}
              className=""mt-2 text-sm font-semibold text-accent hover:underline""
            >
              View My Batches → | setSelectedContainer(null)} className=""app-button-secondary text-xs"">Change service | setSelectedContainer(null)} className=""app-button-secondary"">Cancel",,D:\Projects\sahajomy-platform\backend\app\api\v1\forwarding.py:194
Containers,Sourcing Agent,preparedAddress,/agent/containers,pages/sourcing_agent/Containers.jsx,services/api.js,/sourcing_agent/batches/{id}/book-cbm,POST,"batch_id: str, body: BookCBMRequest, db: Session=Depends(get_db), agent: User=Depends(get_sourcing_agent)",inline,FastAPI authenticated/role dependency; inspect handler,none found,missing,Expose preparedAddress in the mobile Containers flow,"navigate(""/agent/batches"")}
              className=""mt-2 text-sm font-semibold text-accent hover:underline""
            >
              View My Batches → | setSelectedContainer(null)} className=""app-button-secondary text-xs"">Change service | setSelectedContainer(null)} className=""app-button-secondary"">Cancel",,D:\Projects\sahajomy-platform\backend\app\api\v1\sourcing_agent\routes.py:2260
Containers,Sourcing Agent,preparedAddress,/agent/containers,pages/sourcing_agent/Containers.jsx,services/api.js,/sourcing_agent/containers/book-cbm,POST,"body: BookCBMRequest, db: Session=Depends(get_db), agent: User=Depends(get_sourcing_agent)",inline,FastAPI authenticated/role dependency; inspect handler,none found,missing,Expose preparedAddress in the mobile Containers flow,"navigate(""/agent/batches"")}
              className=""mt-2 text-sm font-semibold text-accent hover:underline""
            >
              View My Batches → | setSelectedContainer(null)} className=""app-button-secondary text-xs"">Change service | setSelectedContainer(null)} className=""app-button-secondary"">Cancel",,D:\Projects\sahajomy-platform\backend\app\api\v1\sourcing_agent\routes.py:2752
CreateBatch,Sourcing Agent,response,/agent/batches/new,pages/sourcing_agent/CreateBatch.jsx,services/api.js,/sourcing_agent/batches,POST,"body: BatchCreate, db: Session=Depends(get_db), agent: User=Depends(get_sourcing_agent)",inline,FastAPI authenticated/role dependency; inspect handler,API call exists without verified page/action parity,partially implemented,Expose response in the mobile CreateBatch flow,"navigate(""/agent/batches"")}
                className=""flex-1 app-button-secondary tap-button px-4 py-2.5 text-sm font-medium""
              >
                Cancel | navigate(""/agent/batches"")}
                className=""p-2 hover:bg-secondary rounded-lg transition-colors""
              >",,D:\Projects\sahajomy-platform\backend\app\api\v1\sourcing_agent\routes.py:1326
CreatePackingList,Sourcing Agent,batchResponse,/agent/batches/:batchId/packing-lists/new,pages/sourcing_agent/CreatePackingList.jsx,services/api.js,/sourcing_agent/batches/{id},GET,"db: Session=Depends(get_db), agent: User=Depends(get_sourcing_agent)",inline,FastAPI authenticated/role dependency; inspect handler,API call exists without verified page/action parity,partially implemented,Expose batchResponse in the mobile CreatePackingList flow,"Create Manual List | Try Again | navigate('/agent/batches')}
            className=""app-button-primary tap-button px-6 py-3 inline-flex items-center gap-2""
          >
            
            Back to Batches",,D:\Projects\sahajomy-platform\backend\app\api\v1\sourcing_agent\routes.py:1079
CreatePackingList,Sourcing Agent,ordersResponse,/agent/batches/:batchId/packing-lists/new,pages/sourcing_agent/CreatePackingList.jsx,services/api.js,/sourcing_agent/batches/{id}/orders,GET,"batch_id: str, skip: int=0, limit: int=20, db: Session=Depends(get_db), agent: User=Depends(get_sourcing_agent)",inline,FastAPI authenticated/role dependency; inspect handler,API call exists without verified page/action parity,partially implemented,Expose ordersResponse in the mobile CreatePackingList flow,"Create Manual List | Try Again | navigate('/agent/batches')}
            className=""app-button-primary tap-button px-6 py-3 inline-flex items-center gap-2""
          >
            
            Back to Batches",,D:\Projects\sahajomy-platform\backend\app\api\v1\sourcing_agent\routes.py:1239
CreatePackingList,Sourcing Agent,response,/agent/batches/:batchId/packing-lists/new,pages/sourcing_agent/CreatePackingList.jsx,services/api.js,/sourcing_agent/batches/{id}/generate-packing-list,POST,"batch_id: str, db: Session=Depends(get_db), agent: User=Depends(get_sourcing_agent)",GeneratePackingListResponse,FastAPI authenticated/role dependency; inspect handler,none found,missing,Expose response in the mobile CreatePackingList flow,"Create Manual List | Try Again | navigate('/agent/batches')}
            className=""app-button-primary tap-button px-6 py-3 inline-flex items-center gap-2""
          >
            
            Back to Batches",,D:\Projects\sahajomy-platform\backend\app\api\v1\sourcing_agent\routes.py:2161
ExpressAirCargo,Sourcing Agent,loadData,/agent/express-air-cargo,pages/sourcing_agent/ExpressAirCargo.jsx,services/api.js,/sourcing_agent/express-air-cargo/bookings,GET,"db: Session=Depends(get_db), agent: User=Depends(get_sourcing_agent)",inline,FastAPI authenticated/role dependency; inspect handler,API call and route exist; interaction/state parity requires verification,partially implemented,Expose loadData in the mobile ExpressAirCargo flow,Change service | setEditingAddressCity(true)}>Change city,,D:\Projects\sahajomy-platform\backend\app\api\v1\sourcing_agent\routes.py:3979
ExpressAirCargo,Sourcing Agent,loadData,/agent/express-air-cargo,pages/sourcing_agent/ExpressAirCargo.jsx,services/api.js,/forwarding/china-addresses,GET,"db: Session=Depends(get_db), user: User=Depends(get_booking_user)",inline,FastAPI authenticated/role dependency; inspect handler,none found,missing,Expose loadData in the mobile ExpressAirCargo flow,Change service | setEditingAddressCity(true)}>Change city,,D:\Projects\sahajomy-platform\backend\app\api\v1\forwarding.py:135
ExpressAirCargo,Sourcing Agent,loadData,/agent/express-air-cargo,pages/sourcing_agent/ExpressAirCargo.jsx,services/api.js,/forwarding/air-services,GET,"db: Session=Depends(get_db), user: User=Depends(get_booking_user)",inline,FastAPI authenticated/role dependency; inspect handler,API call and route exist; interaction/state parity requires verification,partially implemented,Expose loadData in the mobile ExpressAirCargo flow,Change service | setEditingAddressCity(true)}>Change city,,D:\Projects\sahajomy-platform\backend\app\api\v1\forwarding.py:50
ExpressAirCargo,Sourcing Agent,GET /sourcing_agent/express-air-cargo/options,/agent/express-air-cargo,pages/sourcing_agent/ExpressAirCargo.jsx,services/api.js,/sourcing_agent/express-air-cargo/options,GET,"cargo_admin_id: Optional[str]=Query(None), db: Session=Depends(get_db), agent: User=Depends(get_sourcing_agent)",inline,FastAPI authenticated/role dependency; inspect handler,API call and route exist; interaction/state parity requires verification,partially implemented,Expose get in the mobile ExpressAirCargo flow,Change service | setEditingAddressCity(true)}>Change city,,D:\Projects\sahajomy-platform\backend\app\api\v1\sourcing_agent\routes.py:3703
ExpressAirCargo,Sourcing Agent,response,/agent/express-air-cargo,pages/sourcing_agent/ExpressAirCargo.jsx,services/api.js,/forwarding/profile,PATCH,"body: ForwardingProfileRequest, db: Session=Depends(get_db), user: User=Depends(get_booking_user)",inline,FastAPI authenticated/role dependency; inspect handler,none found,missing,Expose response in the mobile ExpressAirCargo flow,Change service | setEditingAddressCity(true)}>Change city,,D:\Projects\sahajomy-platform\backend\app\api\v1\forwarding.py:162
ExpressAirCargo,Sourcing Agent,response,/agent/express-air-cargo,pages/sourcing_agent/ExpressAirCargo.jsx,services/api.js,/forwarding/prepare-address,POST,"body: PrepareChinaAddressRequest, db: Session=Depends(get_db), user: User=Depends(get_booking_user)",inline,FastAPI authenticated/role dependency; inspect handler,API call and route exist; interaction/state parity requires verification,partially implemented,Expose response in the mobile ExpressAirCargo flow,Change service | setEditingAddressCity(true)}>Change city,,D:\Projects\sahajomy-platform\backend\app\api\v1\forwarding.py:194
ExpressAirCargo,Sourcing Agent,res,/agent/express-air-cargo,pages/sourcing_agent/ExpressAirCargo.jsx,services/api.js,/sourcing_agent/express-air-cargo/upload-photo,POST,"file: UploadFile=File(...), agent: User=Depends(get_sourcing_agent)",inline,FastAPI authenticated/role dependency; inspect handler,none found,missing,Expose res in the mobile ExpressAirCargo flow,Change service | setEditingAddressCity(true)}>Change city,,D:\Projects\sahajomy-platform\backend\app\api\v1\sourcing_agent\routes.py:3755
ExpressAirCargo,Sourcing Agent,addressRes,/agent/express-air-cargo,pages/sourcing_agent/ExpressAirCargo.jsx,services/api.js,/forwarding/prepare-address,POST,"body: PrepareChinaAddressRequest, db: Session=Depends(get_db), user: User=Depends(get_booking_user)",inline,FastAPI authenticated/role dependency; inspect handler,API call and route exist; interaction/state parity requires verification,partially implemented,Expose addressRes in the mobile ExpressAirCargo flow,Change service | setEditingAddressCity(true)}>Change city,,D:\Projects\sahajomy-platform\backend\app\api\v1\forwarding.py:194
ExpressAirCargo,Sourcing Agent,bookingRes,/agent/express-air-cargo,pages/sourcing_agent/ExpressAirCargo.jsx,services/api.js,/sourcing_agent/express-air-cargo/book,POST,"cargo_type_id: str=Form(...), weight_kg: float=Form(...), shipment_date: datetime=Form(...), cargo_description: Optional[str]=Form(None), destination_region: str=Form(...), destination_country: str=Form('Tanzania'), carton_count: int=Form(1), item_photos: Optional[str]=Form('[]'), air_cargo_rate_id: Optional[str]=Form(None), quantity: float=Form(1), certification_acknowledged: bool=Form(False), customer_china_address_id: Optional[str]=Form(None), cargo_admin_id: Optional[str]=Form(None), warehouse_id: Optional[str]=Form(None), db: Session=Depends(get_db), agent: User=Depends(get_sourcing_agent)",inline,FastAPI authenticated/role dependency; inspect handler,API call and route exist; interaction/state parity requires verification,partially implemented,Expose bookingRes in the mobile ExpressAirCargo flow,Change service | setEditingAddressCity(true)}>Change city,,D:\Projects\sahajomy-platform\backend\app\api\v1\sourcing_agent\routes.py:3795
Financials,Sourcing Agent,financialRes,/agent/financials,pages/sourcing_agent/Financials.jsx,services/api.js,/sourcing_agent/financials,GET,"db: Session=Depends(get_db), agent: User=Depends(get_sourcing_agent)",inline,FastAPI authenticated/role dependency; inspect handler,API call and route exist; interaction/state parity requires verification,partially implemented,Expose financialRes in the mobile Financials flow,"Generate | Mark Paid | Mark Unpaid | Overview | Share | Try Again | alert('Navigate to your batches to manage order payments')}
              className=""app-button-primary tap-button px-4 py-2 inline-flex items-center gap-2""
            >
              
              Manage Payments | document.order_id && onGenerate(document.order_id)} className=""text-xs font-semibold text-accent"">Generate | document.order_id && onShare(document.order_id)} className=""text-xs font-semibold text-brand"">Share | document.order_id && onUpdatePaymentStatus(document.order_id, document.status)} className=""text-xs font-semibold text-success"">Mark paid | document.order_id && onUpdatePaymentStatus(document.order_id, document.status)} className=""text-xs font-semibold text-warning"">Mark unpaid | onShare(document.order_id)}
              className=""text-brand hover:text-brand-dark p-1 rounded transition-colors""
              title=""Share Invoice""
            > | onView(document.pdf_url)}
              className=""text-accent hover:text-accent-dark p-1 rounded transition-colors""
              title=""View Document""
            > | onView(document.pdf_url)} className=""text-xs font-semibold text-accent"">View PDF",,D:\Projects\sahajomy-platform\backend\app\api\v1\sourcing_agent\routes.py:2914
Financials,Sourcing Agent,receiptsRes,/agent/financials,pages/sourcing_agent/Financials.jsx,services/api.js,/sourcing_agent/receipts,GET,"db: Session=Depends(get_db), agent: User=Depends(get_sourcing_agent)",inline,FastAPI authenticated/role dependency; inspect handler,API call and route exist; interaction/state parity requires verification,partially implemented,Expose receiptsRes in the mobile Financials flow,"Generate | Mark Paid | Mark Unpaid | Overview | Share | Try Again | alert('Navigate to your batches to manage order payments')}
              className=""app-button-primary tap-button px-4 py-2 inline-flex items-center gap-2""
            >
              
              Manage Payments | document.order_id && onGenerate(document.order_id)} className=""text-xs font-semibold text-accent"">Generate | document.order_id && onShare(document.order_id)} className=""text-xs font-semibold text-brand"">Share | document.order_id && onUpdatePaymentStatus(document.order_id, document.status)} className=""text-xs font-semibold text-success"">Mark paid | document.order_id && onUpdatePaymentStatus(document.order_id, document.status)} className=""text-xs font-semibold text-warning"">Mark unpaid | onShare(document.order_id)}
              className=""text-brand hover:text-brand-dark p-1 rounded transition-colors""
              title=""Share Invoice""
            > | onView(document.pdf_url)}
              className=""text-accent hover:text-accent-dark p-1 rounded transition-colors""
              title=""View Document""
            > | onView(document.pdf_url)} className=""text-xs font-semibold text-accent"">View PDF",,D:\Projects\sahajomy-platform\backend\app\api\v1\sourcing_agent\routes.py:3024
Financials,Sourcing Agent,invoicesRes,/agent/financials,pages/sourcing_agent/Financials.jsx,services/api.js,/sourcing_agent/invoices,GET,"db: Session=Depends(get_db), agent: User=Depends(get_sourcing_agent)",inline,FastAPI authenticated/role dependency; inspect handler,API call and route exist; interaction/state parity requires verification,partially implemented,Expose invoicesRes in the mobile Financials flow,"Generate | Mark Paid | Mark Unpaid | Overview | Share | Try Again | alert('Navigate to your batches to manage order payments')}
              className=""app-button-primary tap-button px-4 py-2 inline-flex items-center gap-2""
            >
              
              Manage Payments | document.order_id && onGenerate(document.order_id)} className=""text-xs font-semibold text-accent"">Generate | document.order_id && onShare(document.order_id)} className=""text-xs font-semibold text-brand"">Share | document.order_id && onUpdatePaymentStatus(document.order_id, document.status)} className=""text-xs font-semibold text-success"">Mark paid | document.order_id && onUpdatePaymentStatus(document.order_id, document.status)} className=""text-xs font-semibold text-warning"">Mark unpaid | onShare(document.order_id)}
              className=""text-brand hover:text-brand-dark p-1 rounded transition-colors""
              title=""Share Invoice""
            > | onView(document.pdf_url)}
              className=""text-accent hover:text-accent-dark p-1 rounded transition-colors""
              title=""View Document""
            > | onView(document.pdf_url)} className=""text-xs font-semibold text-accent"">View PDF",,D:\Projects\sahajomy-platform\backend\app\api\v1\sourcing_agent\routes.py:3088
Financials,Sourcing Agent,response,/agent/financials,pages/sourcing_agent/Financials.jsx,services/api.js,/sourcing_agent/orders/{id}/generate-receipt,POST,"order_id: str, format: str=Query('both', regex='^(excel|pdf|both)$'), db: Session=Depends(get_db), agent: User=Depends(get_sourcing_agent)",inline,FastAPI authenticated/role dependency; inspect handler,API call and route exist; interaction/state parity requires verification,partially implemented,Expose response in the mobile Financials flow,"Generate | Mark Paid | Mark Unpaid | Overview | Share | Try Again | alert('Navigate to your batches to manage order payments')}
              className=""app-button-primary tap-button px-4 py-2 inline-flex items-center gap-2""
            >
              
              Manage Payments | document.order_id && onGenerate(document.order_id)} className=""text-xs font-semibold text-accent"">Generate | document.order_id && onShare(document.order_id)} className=""text-xs font-semibold text-brand"">Share | document.order_id && onUpdatePaymentStatus(document.order_id, document.status)} className=""text-xs font-semibold text-success"">Mark paid | document.order_id && onUpdatePaymentStatus(document.order_id, document.status)} className=""text-xs font-semibold text-warning"">Mark unpaid | onShare(document.order_id)}
              className=""text-brand hover:text-brand-dark p-1 rounded transition-colors""
              title=""Share Invoice""
            > | onView(document.pdf_url)}
              className=""text-accent hover:text-accent-dark p-1 rounded transition-colors""
              title=""View Document""
            > | onView(document.pdf_url)} className=""text-xs font-semibold text-accent"">View PDF",,D:\Projects\sahajomy-platform\backend\app\api\v1\sourcing_agent\routes.py:3166
Financials,Sourcing Agent,response,/agent/financials,pages/sourcing_agent/Financials.jsx,services/api.js,/sourcing_agent/orders/{id}/generate-invoice,POST,"order_id: str, format: str=Query('both', regex='^(excel|pdf|both)$'), db: Session=Depends(get_db), agent: User=Depends(get_sourcing_agent)",inline,FastAPI authenticated/role dependency; inspect handler,API call and route exist; interaction/state parity requires verification,partially implemented,Expose response in the mobile Financials flow,"Generate | Mark Paid | Mark Unpaid | Overview | Share | Try Again | alert('Navigate to your batches to manage order payments')}
              className=""app-button-primary tap-button px-4 py-2 inline-flex items-center gap-2""
            >
              
              Manage Payments | document.order_id && onGenerate(document.order_id)} className=""text-xs font-semibold text-accent"">Generate | document.order_id && onShare(document.order_id)} className=""text-xs font-semibold text-brand"">Share | document.order_id && onUpdatePaymentStatus(document.order_id, document.status)} className=""text-xs font-semibold text-success"">Mark paid | document.order_id && onUpdatePaymentStatus(document.order_id, document.status)} className=""text-xs font-semibold text-warning"">Mark unpaid | onShare(document.order_id)}
              className=""text-brand hover:text-brand-dark p-1 rounded transition-colors""
              title=""Share Invoice""
            > | onView(document.pdf_url)}
              className=""text-accent hover:text-accent-dark p-1 rounded transition-colors""
              title=""View Document""
            > | onView(document.pdf_url)} className=""text-xs font-semibold text-accent"">View PDF",,D:\Projects\sahajomy-platform\backend\app\api\v1\sourcing_agent\routes.py:3320
Financials,Sourcing Agent,response,/agent/financials,pages/sourcing_agent/Financials.jsx,services/api.js,/sourcing_agent/orders/{id}/share-invoice,POST,"order_id: str, db: Session=Depends(get_db), agent: User=Depends(get_sourcing_agent)",inline,FastAPI authenticated/role dependency; inspect handler,API call and route exist; interaction/state parity requires verification,partially implemented,Expose response in the mobile Financials flow,"Generate | Mark Paid | Mark Unpaid | Overview | Share | Try Again | alert('Navigate to your batches to manage order payments')}
              className=""app-button-primary tap-button px-4 py-2 inline-flex items-center gap-2""
            >
              
              Manage Payments | document.order_id && onGenerate(document.order_id)} className=""text-xs font-semibold text-accent"">Generate | document.order_id && onShare(document.order_id)} className=""text-xs font-semibold text-brand"">Share | document.order_id && onUpdatePaymentStatus(document.order_id, document.status)} className=""text-xs font-semibold text-success"">Mark paid | document.order_id && onUpdatePaymentStatus(document.order_id, document.status)} className=""text-xs font-semibold text-warning"">Mark unpaid | onShare(document.order_id)}
              className=""text-brand hover:text-brand-dark p-1 rounded transition-colors""
              title=""Share Invoice""
            > | onView(document.pdf_url)}
              className=""text-accent hover:text-accent-dark p-1 rounded transition-colors""
              title=""View Document""
            > | onView(document.pdf_url)} className=""text-xs font-semibold text-accent"">View PDF",,D:\Projects\sahajomy-platform\backend\app\api\v1\sourcing_agent\routes.py:4604
Financials,Sourcing Agent,newStatus,/agent/financials,pages/sourcing_agent/Financials.jsx,services/api.js,/sourcing_agent/orders/{id}/update-payment-status,POST,"order_id: str, payment_status: str=Query(..., regex='^(unpaid|paid)$'), db: Session=Depends(get_db), agent: User=Depends(get_sourcing_agent)",inline,FastAPI authenticated/role dependency; inspect handler,API call and route exist; interaction/state parity requires verification,partially implemented,Expose newStatus in the mobile Financials flow,"Generate | Mark Paid | Mark Unpaid | Overview | Share | Try Again | alert('Navigate to your batches to manage order payments')}
              className=""app-button-primary tap-button px-4 py-2 inline-flex items-center gap-2""
            >
              
              Manage Payments | document.order_id && onGenerate(document.order_id)} className=""text-xs font-semibold text-accent"">Generate | document.order_id && onShare(document.order_id)} className=""text-xs font-semibold text-brand"">Share | document.order_id && onUpdatePaymentStatus(document.order_id, document.status)} className=""text-xs font-semibold text-success"">Mark paid | document.order_id && onUpdatePaymentStatus(document.order_id, document.status)} className=""text-xs font-semibold text-warning"">Mark unpaid | onShare(document.order_id)}
              className=""text-brand hover:text-brand-dark p-1 rounded transition-colors""
              title=""Share Invoice""
            > | onView(document.pdf_url)}
              className=""text-accent hover:text-accent-dark p-1 rounded transition-colors""
              title=""View Document""
            > | onView(document.pdf_url)} className=""text-xs font-semibold text-accent"">View PDF",,D:\Projects\sahajomy-platform\backend\app\api\v1\sourcing_agent\routes.py:4529
OrderDetail,Sourcing Agent,res,/agent/orders/:orderId,pages/sourcing_agent/OrderDetail.jsx,services/api.js,/sourcing_agent/orders/{id},GET,"order_id: str, db: Session=Depends(get_db), agent: User=Depends(get_sourcing_agent)",inline,FastAPI authenticated/role dependency; inspect handler,none found,missing,Expose res in the mobile OrderDetail flow,"Open Invoice PDF | Open Receipt PDF | navigate(-1)}
              className=""app-button-primary tap-button px-4 py-2 inline-flex items-center gap-2""
            >
              
              Go Back | navigate(-1)}
            className=""p-2 hover:bg-secondary rounded-lg""
          >",,D:\Projects\sahajomy-platform\backend\app\api\v1\sourcing_agent\routes.py:4332
PackingListDetail,Sourcing Agent,response,/agent/packing-lists/:packingListId,pages/sourcing_agent/PackingListDetail.jsx,services/api.js,/sourcing_agent/packing-lists/{id},GET,"packing_list_id: str, db: Session=Depends(get_db), agent: User=Depends(get_sourcing_agent)",PackingListResponse,FastAPI authenticated/role dependency; inspect handler,API call exists without verified page/action parity,partially implemented,Expose response in the mobile PackingListDetail flow,"Add Item | Cancel | Try Again | handleDownload(""excel"")}
                className=""app-button-primary tap-button px-4 py-2 inline-flex items-center gap-2""
              >
                
                Download Excel | handleDownload(""pdf"")}
                className=""app-button-secondary tap-button px-4 py-2 inline-flex items-center gap-2""
              >
                
                Download PDF | handleUpdateItem(item.id)} className=""app-button-primary"">Save | navigate('/agent/packing-lists')}
                className=""p-2 hover:bg-secondary rounded-lg transition-colors""
              > | navigate('/agent/packing-lists')}
            className=""mt-4 app-button-secondary tap-button px-6 py-3 font-medium inline-flex items-center gap-2""
          >
            
            Back to Lists | onEdit(item)}
          className=""text-accent hover:text-accent-dark p-1 rounded transition-colors""
          title=""Edit item""
        > | onUpdate(item.id)}
              className=""text-success hover:text-success-dark p-1 rounded transition-colors""
              title=""Save changes""
            >",,D:\Projects\sahajomy-platform\backend\app\api\v1\sourcing_agent\routes.py:2557
PackingListDetail,Sourcing Agent,POST /sourcing_agent/packing-lists/{id}/items,/agent/packing-lists/:packingListId,pages/sourcing_agent/PackingListDetail.jsx,services/api.js,/sourcing_agent/packing-lists/{id}/items,POST,"packing_list_id: str, item_data: PackingListItemCreate, db: Session=Depends(get_db), agent: User=Depends(get_sourcing_agent)",PackingListItemResponse,FastAPI authenticated/role dependency; inspect handler,API call exists without verified page/action parity,partially implemented,Expose post in the mobile PackingListDetail flow,"Add Item | Cancel | Try Again | handleDownload(""excel"")}
                className=""app-button-primary tap-button px-4 py-2 inline-flex items-center gap-2""
              >
                
                Download Excel | handleDownload(""pdf"")}
                className=""app-button-secondary tap-button px-4 py-2 inline-flex items-center gap-2""
              >
                
                Download PDF | handleUpdateItem(item.id)} className=""app-button-primary"">Save | navigate('/agent/packing-lists')}
                className=""p-2 hover:bg-secondary rounded-lg transition-colors""
              > | navigate('/agent/packing-lists')}
            className=""mt-4 app-button-secondary tap-button px-6 py-3 font-medium inline-flex items-center gap-2""
          >
            
            Back to Lists | onEdit(item)}
          className=""text-accent hover:text-accent-dark p-1 rounded transition-colors""
          title=""Edit item""
        > | onUpdate(item.id)}
              className=""text-success hover:text-success-dark p-1 rounded transition-colors""
              title=""Save changes""
            >",,D:\Projects\sahajomy-platform\backend\app\api\v1\sourcing_agent\routes.py:2639
PackingListDetail,Sourcing Agent,PUT /sourcing_agent/packing-list-items/{id},/agent/packing-lists/:packingListId,pages/sourcing_agent/PackingListDetail.jsx,services/api.js,/sourcing_agent/packing-list-items/{id},PUT,"item_id: str, item_data: PackingListItemUpdate, db: Session=Depends(get_db), agent: User=Depends(get_sourcing_agent)",PackingListItemResponse,FastAPI authenticated/role dependency; inspect handler,API call exists without verified page/action parity,partially implemented,Expose put in the mobile PackingListDetail flow,"Add Item | Cancel | Try Again | handleDownload(""excel"")}
                className=""app-button-primary tap-button px-4 py-2 inline-flex items-center gap-2""
              >
                
                Download Excel | handleDownload(""pdf"")}
                className=""app-button-secondary tap-button px-4 py-2 inline-flex items-center gap-2""
              >
                
                Download PDF | handleUpdateItem(item.id)} className=""app-button-primary"">Save | navigate('/agent/packing-lists')}
                className=""p-2 hover:bg-secondary rounded-lg transition-colors""
              > | navigate('/agent/packing-lists')}
            className=""mt-4 app-button-secondary tap-button px-6 py-3 font-medium inline-flex items-center gap-2""
          >
            
            Back to Lists | onEdit(item)}
          className=""text-accent hover:text-accent-dark p-1 rounded transition-colors""
          title=""Edit item""
        > | onUpdate(item.id)}
              className=""text-success hover:text-success-dark p-1 rounded transition-colors""
              title=""Save changes""
            >",,D:\Projects\sahajomy-platform\backend\app\api\v1\sourcing_agent\routes.py:2668
PackingListDetail,Sourcing Agent,response,/agent/packing-lists/:packingListId,pages/sourcing_agent/PackingListDetail.jsx,services/api.js,/sourcing_agent/packing-lists/{id}/export/{id},GET,"packing_list_id: str, db: Session=Depends(get_db), agent: User=Depends(get_sourcing_agent)",inline,FastAPI authenticated/role dependency; inspect handler,API call exists without verified page/action parity,partially implemented,Expose response in the mobile PackingListDetail flow,"Add Item | Cancel | Try Again | handleDownload(""excel"")}
                className=""app-button-primary tap-button px-4 py-2 inline-flex items-center gap-2""
              >
                
                Download Excel | handleDownload(""pdf"")}
                className=""app-button-secondary tap-button px-4 py-2 inline-flex items-center gap-2""
              >
                
                Download PDF | handleUpdateItem(item.id)} className=""app-button-primary"">Save | navigate('/agent/packing-lists')}
                className=""p-2 hover:bg-secondary rounded-lg transition-colors""
              > | navigate('/agent/packing-lists')}
            className=""mt-4 app-button-secondary tap-button px-6 py-3 font-medium inline-flex items-center gap-2""
          >
            
            Back to Lists | onEdit(item)}
          className=""text-accent hover:text-accent-dark p-1 rounded transition-colors""
          title=""Edit item""
        > | onUpdate(item.id)}
              className=""text-success hover:text-success-dark p-1 rounded transition-colors""
              title=""Save changes""
            >",,D:\Projects\sahajomy-platform\backend\app\api\v1\sourcing_agent\routes.py:2581
PackingLists,Sourcing Agent,response,/agent/packing-lists,pages/sourcing_agent/PackingLists.jsx,services/api.js,/sourcing_agent/packing-lists,GET,"db: Session=Depends(get_db), agent: User=Depends(get_sourcing_agent)",List[PackingListSummaryResponse],FastAPI authenticated/role dependency; inspect handler,API call exists without verified page/action parity,partially implemented,Expose response in the mobile PackingLists flow,"Try Again | navigate(-1)}
                className=""p-2 hover:bg-secondary rounded-lg transition-colors""
              > | onDelete(packingList.id)}
            className=""p-1 hover:bg-red-100 rounded text-red-600 transition-colors""
            title=""Delete packing list""
          > | window.open(packingList.qr_code_url, '_blank')}
            className=""text-brand hover:text-brand-dark flex items-center gap-1 font-medium""
          >
            
            View QR",,D:\Projects\sahajomy-platform\backend\app\api\v1\sourcing_agent\routes.py:2724
PackingLists,Sourcing Agent,handleDeletePackingList,/agent/packing-lists,pages/sourcing_agent/PackingLists.jsx,services/api.js,/sourcing_agent/packing-lists/{id},DELETE,"packing_list_id: str, db: Session=Depends(get_db), agent: User=Depends(get_sourcing_agent)",inline,FastAPI authenticated/role dependency; inspect handler,none found,missing,Expose handleDeletePackingList in the mobile PackingLists flow,"Try Again | navigate(-1)}
                className=""p-2 hover:bg-secondary rounded-lg transition-colors""
              > | onDelete(packingList.id)}
            className=""p-1 hover:bg-red-100 rounded text-red-600 transition-colors""
            title=""Delete packing list""
          > | window.open(packingList.qr_code_url, '_blank')}
            className=""text-brand hover:text-brand-dark flex items-center gap-1 font-medium""
          >
            
            View QR",,D:\Projects\sahajomy-platform\backend\app\api\v1\sourcing_agent\routes.py:2701
PendingApproval,Sourcing Agent,Present page content / navigation,/agent/pending-approval,pages/sourcing_agent/PendingApproval.jsx,none,none,none,none,none,public or route guard,none,missing,Mobile page and all navigation actions,,,
SeaBookings,Sourcing Agent,response,/agent/seaBookings,pages/sourcing_agent/SeaBookings.jsx,services/api.js,/sourcing_agent/sea-bookings,GET,"db: Session=Depends(get_db), agent: User=Depends(get_sourcing_agent)",inline,FastAPI authenticated/role dependency; inspect handler,API call exists without verified page/action parity,partially implemented,Expose response in the mobile SeaBookings flow,"Back to all | navigate(""/agent/containers"")}
              className=""mt-4 text-accent hover:underline""
            >
              Book Container Space → | setSelectedStatus(""all"")}
              className=""mt-4 text-accent hover:underline""
            >
              View All SeaBookings →",,D:\Projects\sahajomy-platform\backend\app\api\v1\sourcing_agent\routes.py:2088
TrackShipments,Sourcing Agent,loadAllShipments,/agent/track-shipments,pages/sourcing_agent/TrackShipments.jsx,services/api.js,/tracking/agent/sea-bookings,GET,"db: Session=DB_SESSION, current_user: User=SOURCING_AGENT_USER",inline,FastAPI authenticated/role dependency; inspect handler,none found,missing,Expose loadAllShipments in the mobile TrackShipments flow,Back to all | Back to all shipments,,D:\Projects\sahajomy-platform\backend\app\api\v1\tracking.py:459
TrackShipments,Sourcing Agent,loadAllShipments,/agent/track-shipments,pages/sourcing_agent/TrackShipments.jsx,services/api.js,/tracking/agent/bookings,GET,"db: Session=DB_SESSION, current_user: User=SOURCING_AGENT_USER",inline,FastAPI authenticated/role dependency; inspect handler,none found,missing,Expose loadAllShipments in the mobile TrackShipments flow,Back to all | Back to all shipments,,D:\Projects\sahajomy-platform\backend\app\api\v1\tracking.py:386
TrackShipments,Sourcing Agent,loadAllShipments,/agent/track-shipments,pages/sourcing_agent/TrackShipments.jsx,services/api.js,/tracking/agent/shipment_orders,GET,"db: Session=DB_SESSION, current_user: User=SOURCING_AGENT_USER",inline,FastAPI authenticated/role dependency; inspect handler,API call exists without verified page/action parity,partially implemented,Expose loadAllShipments in the mobile TrackShipments flow,Back to all | Back to all shipments,,D:\Projects\sahajomy-platform\backend\app\api\v1\tracking.py:410
AuditLogs,Super Admin,Present page content / navigation,/admin/audit-logs,pages/super_admin/AuditLogs.jsx,none,none,none,none,none,public or route guard,none,missing,Mobile page and all navigation actions,Clear,,
CommissionSettings,Super Admin,commissionApi,/admin/commission,pages/super_admin/CommissionSettings.jsx,services/api.js,/super_admin/commission,GET,"db: Session=DB_SESSION, admin: User=SUPER_ADMIN_USER",inline,FastAPI authenticated/role dependency; inspect handler,none found,missing,Expose commissionApi in the mobile CommissionSettings flow,,,D:\Projects\sahajomy-platform\backend\app\api\v1\super_admin\routes.py:1108
CommissionSettings,Super Admin,commissionApi,/admin/commission,pages/super_admin/CommissionSettings.jsx,services/api.js,/super_admin/commission,POST,"body: CommissionUpdate, db: Session=DB_SESSION, admin: User=SUPER_ADMIN_USER",inline,FastAPI authenticated/role dependency; inspect handler,API call exists without verified page/action parity,partially implemented,Expose commissionApi in the mobile CommissionSettings flow,,,D:\Projects\sahajomy-platform\backend\app\api\v1\super_admin\routes.py:1125
CommissionSettings,Super Admin,commissionApi,/admin/commission,pages/super_admin/CommissionSettings.jsx,services/api.js,/super_admin/commission/history,GET,"db: Session=DB_SESSION, admin: User=SUPER_ADMIN_USER",inline,FastAPI authenticated/role dependency; inspect handler,none found,missing,Expose commissionApi in the mobile CommissionSettings flow,,,D:\Projects\sahajomy-platform\backend\app\api\v1\super_admin\routes.py:1155
Goods,Super Admin,res,/admin/goods,pages/super_admin/Goods.jsx,services/api.js,/super_admin/goods/categories,GET,"db: Session=DB_SESSION, admin: User=SUPER_ADMIN_USER",inline,FastAPI authenticated/role dependency; inspect handler,none found,missing,Expose res in the mobile Goods flow,"Add | createTemplate(gt.id)} className=""app-button-primary px-3 py-1.5 text-xs"">Add field | deleteTemplate(gt.id, template.id)} className=""text-danger hover:underline"">Remove | handleCreateGoodsType(cat.id)}
                className=""app-button-primary tap-button px-3 py-2""
              >
                Add Type | loadTemplates(gt.id)} className=""text-xs font-bold text-accent hover:underline"">Manage dynamic product fields | reviewAirCargoRequest(request, ""approved"")}>Approve match | reviewAirCargoRequest(request, ""rejected"")}>Reject",,D:\Projects\sahajomy-platform\backend\app\api\v1\super_admin\routes.py:1180
Goods,Super Admin,response,/admin/goods,pages/super_admin/Goods.jsx,services/api.js,/super_admin/air-cargo-goods-type-requests,GET,"status: Optional[Literal['pending', 'approved', 'rejected']]=None, db: Session=Depends(get_db), admin: User=Depends(get_super_admin)",inline,FastAPI authenticated/role dependency; inspect handler,none found,missing,Expose response in the mobile Goods flow,"Add | createTemplate(gt.id)} className=""app-button-primary px-3 py-1.5 text-xs"">Add field | deleteTemplate(gt.id, template.id)} className=""text-danger hover:underline"">Remove | handleCreateGoodsType(cat.id)}
                className=""app-button-primary tap-button px-3 py-2""
              >
                Add Type | loadTemplates(gt.id)} className=""text-xs font-bold text-accent hover:underline"">Manage dynamic product fields | reviewAirCargoRequest(request, ""approved"")}>Approve match | reviewAirCargoRequest(request, ""rejected"")}>Reject",,D:\Projects\sahajomy-platform\backend\app\api\v1\air_cargo_pricing.py:391
Goods,Super Admin,goodsTypeId,/admin/goods,pages/super_admin/Goods.jsx,services/api.js,/super_admin/air-cargo-goods-type-requests/{id},PATCH,"request_id: str, body: GoodsTypeRequestReview, db: Session=Depends(get_db), admin: User=Depends(get_super_admin)",inline,FastAPI authenticated/role dependency; inspect handler,none found,missing,Expose goodsTypeId in the mobile Goods flow,"Add | createTemplate(gt.id)} className=""app-button-primary px-3 py-1.5 text-xs"">Add field | deleteTemplate(gt.id, template.id)} className=""text-danger hover:underline"">Remove | handleCreateGoodsType(cat.id)}
                className=""app-button-primary tap-button px-3 py-2""
              >
                Add Type | loadTemplates(gt.id)} className=""text-xs font-bold text-accent hover:underline"">Manage dynamic product fields | reviewAirCargoRequest(request, ""approved"")}>Approve match | reviewAirCargoRequest(request, ""rejected"")}>Reject",,D:\Projects\sahajomy-platform\backend\app\api\v1\air_cargo_pricing.py:410
Goods,Super Admin,handleCreateCategory,/admin/goods,pages/super_admin/Goods.jsx,services/api.js,/super_admin/goods/categories,POST,"body: GoodsCategoryCreate, db: Session=DB_SESSION, admin: User=SUPER_ADMIN_USER",inline,FastAPI authenticated/role dependency; inspect handler,API call exists without verified page/action parity,partially implemented,Expose handleCreateCategory in the mobile Goods flow,"Add | createTemplate(gt.id)} className=""app-button-primary px-3 py-1.5 text-xs"">Add field | deleteTemplate(gt.id, template.id)} className=""text-danger hover:underline"">Remove | handleCreateGoodsType(cat.id)}
                className=""app-button-primary tap-button px-3 py-2""
              >
                Add Type | loadTemplates(gt.id)} className=""text-xs font-bold text-accent hover:underline"">Manage dynamic product fields | reviewAirCargoRequest(request, ""approved"")}>Approve match | reviewAirCargoRequest(request, ""rejected"")}>Reject",,D:\Projects\sahajomy-platform\backend\app\api\v1\super_admin\routes.py:1218
Goods,Super Admin,form,/admin/goods,pages/super_admin/Goods.jsx,services/api.js,/super_admin/goods/types,POST,"body: GoodsTypeCreate, db: Session=DB_SESSION, admin: User=SUPER_ADMIN_USER",inline,FastAPI authenticated/role dependency; inspect handler,none found,missing,Expose form in the mobile Goods flow,"Add | createTemplate(gt.id)} className=""app-button-primary px-3 py-1.5 text-xs"">Add field | deleteTemplate(gt.id, template.id)} className=""text-danger hover:underline"">Remove | handleCreateGoodsType(cat.id)}
                className=""app-button-primary tap-button px-3 py-2""
              >
                Add Type | loadTemplates(gt.id)} className=""text-xs font-bold text-accent hover:underline"">Manage dynamic product fields | reviewAirCargoRequest(request, ""approved"")}>Approve match | reviewAirCargoRequest(request, ""rejected"")}>Reject",,D:\Projects\sahajomy-platform\backend\app\api\v1\super_admin\routes.py:1296
Goods,Super Admin,toggleCategory,/admin/goods,pages/super_admin/Goods.jsx,services/api.js,/super_admin/goods/categories/{id},PATCH,"category_id: str, body: GoodsCategoryUpdate, db: Session=DB_SESSION, admin: User=SUPER_ADMIN_USER",inline,FastAPI authenticated/role dependency; inspect handler,none found,missing,Expose toggleCategory in the mobile Goods flow,"Add | createTemplate(gt.id)} className=""app-button-primary px-3 py-1.5 text-xs"">Add field | deleteTemplate(gt.id, template.id)} className=""text-danger hover:underline"">Remove | handleCreateGoodsType(cat.id)}
                className=""app-button-primary tap-button px-3 py-2""
              >
                Add Type | loadTemplates(gt.id)} className=""text-xs font-bold text-accent hover:underline"">Manage dynamic product fields | reviewAirCargoRequest(request, ""approved"")}>Approve match | reviewAirCargoRequest(request, ""rejected"")}>Reject",,D:\Projects\sahajomy-platform\backend\app\api\v1\super_admin\routes.py:1242
Goods,Super Admin,toggleGoodsType,/admin/goods,pages/super_admin/Goods.jsx,services/api.js,/super_admin/goods/types/{id},PATCH,"type_id: str, body: GoodsTypeUpdate, db: Session=DB_SESSION, admin: User=SUPER_ADMIN_USER",inline,FastAPI authenticated/role dependency; inspect handler,none found,missing,Expose toggleGoodsType in the mobile Goods flow,"Add | createTemplate(gt.id)} className=""app-button-primary px-3 py-1.5 text-xs"">Add field | deleteTemplate(gt.id, template.id)} className=""text-danger hover:underline"">Remove | handleCreateGoodsType(cat.id)}
                className=""app-button-primary tap-button px-3 py-2""
              >
                Add Type | loadTemplates(gt.id)} className=""text-xs font-bold text-accent hover:underline"">Manage dynamic product fields | reviewAirCargoRequest(request, ""approved"")}>Approve match | reviewAirCargoRequest(request, ""rejected"")}>Reject",,D:\Projects\sahajomy-platform\backend\app\api\v1\super_admin\routes.py:1373
Goods,Super Admin,response,/admin/goods,pages/super_admin/Goods.jsx,services/api.js,/super_admin/goods/types/{id}/attribute-templates,GET,"type_id: str, db: Session=DB_SESSION, admin: User=SUPER_ADMIN_USER",inline,FastAPI authenticated/role dependency; inspect handler,none found,missing,Expose response in the mobile Goods flow,"Add | createTemplate(gt.id)} className=""app-button-primary px-3 py-1.5 text-xs"">Add field | deleteTemplate(gt.id, template.id)} className=""text-danger hover:underline"">Remove | handleCreateGoodsType(cat.id)}
                className=""app-button-primary tap-button px-3 py-2""
              >
                Add Type | loadTemplates(gt.id)} className=""text-xs font-bold text-accent hover:underline"">Manage dynamic product fields | reviewAirCargoRequest(request, ""approved"")}>Approve match | reviewAirCargoRequest(request, ""rejected"")}>Reject",,D:\Projects\sahajomy-platform\backend\app\api\v1\super_admin\routes.py:1496
Goods,Super Admin,form,/admin/goods,pages/super_admin/Goods.jsx,services/api.js,/super_admin/goods/types/{id}/attribute-templates,POST,"type_id: str, body: GoodsTypeAttributeTemplateCreate, db: Session=DB_SESSION, admin: User=SUPER_ADMIN_USER",inline,FastAPI authenticated/role dependency; inspect handler,none found,missing,Expose form in the mobile Goods flow,"Add | createTemplate(gt.id)} className=""app-button-primary px-3 py-1.5 text-xs"">Add field | deleteTemplate(gt.id, template.id)} className=""text-danger hover:underline"">Remove | handleCreateGoodsType(cat.id)}
                className=""app-button-primary tap-button px-3 py-2""
              >
                Add Type | loadTemplates(gt.id)} className=""text-xs font-bold text-accent hover:underline"">Manage dynamic product fields | reviewAirCargoRequest(request, ""approved"")}>Approve match | reviewAirCargoRequest(request, ""rejected"")}>Reject",,D:\Projects\sahajomy-platform\backend\app\api\v1\super_admin\routes.py:1513
Goods,Super Admin,deleteTemplate,/admin/goods,pages/super_admin/Goods.jsx,services/api.js,/super_admin/goods/types/{id}/attribute-templates/{id},DELETE,"type_id: str, template_id: str, db: Session=DB_SESSION, admin: User=SUPER_ADMIN_USER",inline,FastAPI authenticated/role dependency; inspect handler,none found,missing,Expose deleteTemplate in the mobile Goods flow,"Add | createTemplate(gt.id)} className=""app-button-primary px-3 py-1.5 text-xs"">Add field | deleteTemplate(gt.id, template.id)} className=""text-danger hover:underline"">Remove | handleCreateGoodsType(cat.id)}
                className=""app-button-primary tap-button px-3 py-2""
              >
                Add Type | loadTemplates(gt.id)} className=""text-xs font-bold text-accent hover:underline"">Manage dynamic product fields | reviewAirCargoRequest(request, ""approved"")}>Approve match | reviewAirCargoRequest(request, ""rejected"")}>Reject",,D:\Projects\sahajomy-platform\backend\app\api\v1\super_admin\routes.py:1588
OperatorDetail,Super Admin,response,/admin/operators/:operatorId,pages/super_admin/OperatorDetail.jsx,services/api.js,/super_admin/operators/{id}/overview,GET,"user_id: str, db: Session=DB_SESSION, admin: User=SUPER_ADMIN_USER",inline,FastAPI authenticated/role dependency; inspect handler,none found,missing,Expose response in the mobile OperatorDetail flow,"Open case | Save company and compliance | Save service controls | closeCase(item.id)} className=""text-xs font-bold text-accent"">Resolve | runDecision(""approve"")} className=""app-button-primary min-h-[42px] px-4"">Approve | runDecision(""reactivate"")} className=""app-button-secondary min-h-[42px] px-4"">Reactivate | runDecision(""reject"")} className=""min-h-[42px] border border-danger px-4 font-semibold text-danger"">Reject | runDecision(""suspend"")} className=""min-h-[42px] border border-warning px-4 font-semibold text-warning"">Suspend",,D:\Projects\sahajomy-platform\backend\app\api\v1\super_admin\routes.py:2258
OperatorDetail,Super Admin,runDecision,/admin/operators/:operatorId,pages/super_admin/OperatorDetail.jsx,services/api.js,/super_admin/operators/{id}/decision,PATCH,"user_id: str, body: CargoOperatorDecision, db: Session=DB_SESSION, admin: User=SUPER_ADMIN_USER",inline,FastAPI authenticated/role dependency; inspect handler,none found,missing,Expose runDecision in the mobile OperatorDetail flow,"Open case | Save company and compliance | Save service controls | closeCase(item.id)} className=""text-xs font-bold text-accent"">Resolve | runDecision(""approve"")} className=""app-button-primary min-h-[42px] px-4"">Approve | runDecision(""reactivate"")} className=""app-button-secondary min-h-[42px] px-4"">Reactivate | runDecision(""reject"")} className=""min-h-[42px] border border-danger px-4 font-semibold text-danger"">Reject | runDecision(""suspend"")} className=""min-h-[42px] border border-warning px-4 font-semibold text-warning"">Suspend",,D:\Projects\sahajomy-platform\backend\app\api\v1\super_admin\routes.py:2448
OperatorDetail,Super Admin,restricted,/admin/operators/:operatorId,pages/super_admin/OperatorDetail.jsx,services/api.js,/super_admin/operators/{id}/services,PATCH,"user_id: str, body: CargoOperatorServiceControlUpdate, db: Session=DB_SESSION, admin: User=SUPER_ADMIN_USER",inline,FastAPI authenticated/role dependency; inspect handler,none found,missing,Expose restricted in the mobile OperatorDetail flow,"Open case | Save company and compliance | Save service controls | closeCase(item.id)} className=""text-xs font-bold text-accent"">Resolve | runDecision(""approve"")} className=""app-button-primary min-h-[42px] px-4"">Approve | runDecision(""reactivate"")} className=""app-button-secondary min-h-[42px] px-4"">Reactivate | runDecision(""reject"")} className=""min-h-[42px] border border-danger px-4 font-semibold text-danger"">Reject | runDecision(""suspend"")} className=""min-h-[42px] border border-warning px-4 font-semibold text-warning"">Suspend",,D:\Projects\sahajomy-platform\backend\app\api\v1\super_admin\routes.py:2581
OperatorDetail,Super Admin,saveProfile,/admin/operators/:operatorId,pages/super_admin/OperatorDetail.jsx,services/api.js,/super_admin/operators/{id}/profile,PATCH,"user_id: str, body: CargoOperatorProfileUpdate, db: Session=DB_SESSION, admin: User=SUPER_ADMIN_USER",inline,FastAPI authenticated/role dependency; inspect handler,none found,missing,Expose saveProfile in the mobile OperatorDetail flow,"Open case | Save company and compliance | Save service controls | closeCase(item.id)} className=""text-xs font-bold text-accent"">Resolve | runDecision(""approve"")} className=""app-button-primary min-h-[42px] px-4"">Approve | runDecision(""reactivate"")} className=""app-button-secondary min-h-[42px] px-4"">Reactivate | runDecision(""reject"")} className=""min-h-[42px] border border-danger px-4 font-semibold text-danger"">Reject | runDecision(""suspend"")} className=""min-h-[42px] border border-warning px-4 font-semibold text-warning"">Suspend",,D:\Projects\sahajomy-platform\backend\app\api\v1\super_admin\routes.py:2517
OperatorDetail,Super Admin,createCase,/admin/operators/:operatorId,pages/super_admin/OperatorDetail.jsx,services/api.js,/super_admin/operators/{id}/cases,POST,"user_id: str, body: OperatorCaseCreate, db: Session=DB_SESSION, admin: User=SUPER_ADMIN_USER",inline,FastAPI authenticated/role dependency; inspect handler,none found,missing,Expose createCase in the mobile OperatorDetail flow,"Open case | Save company and compliance | Save service controls | closeCase(item.id)} className=""text-xs font-bold text-accent"">Resolve | runDecision(""approve"")} className=""app-button-primary min-h-[42px] px-4"">Approve | runDecision(""reactivate"")} className=""app-button-secondary min-h-[42px] px-4"">Reactivate | runDecision(""reject"")} className=""min-h-[42px] border border-danger px-4 font-semibold text-danger"">Reject | runDecision(""suspend"")} className=""min-h-[42px] border border-warning px-4 font-semibold text-warning"">Suspend",,D:\Projects\sahajomy-platform\backend\app\api\v1\super_admin\routes.py:2647
OperatorDetail,Super Admin,resolution,/admin/operators/:operatorId,pages/super_admin/OperatorDetail.jsx,services/api.js,/super_admin/operators/{id}/cases/{id},PATCH,"user_id: str, case_id: str, body: OperatorCaseUpdate, db: Session=DB_SESSION, admin: User=SUPER_ADMIN_USER",inline,FastAPI authenticated/role dependency; inspect handler,none found,missing,Expose resolution in the mobile OperatorDetail flow,"Open case | Save company and compliance | Save service controls | closeCase(item.id)} className=""text-xs font-bold text-accent"">Resolve | runDecision(""approve"")} className=""app-button-primary min-h-[42px] px-4"">Approve | runDecision(""reactivate"")} className=""app-button-secondary min-h-[42px] px-4"">Reactivate | runDecision(""reject"")} className=""min-h-[42px] border border-danger px-4 font-semibold text-danger"">Reject | runDecision(""suspend"")} className=""min-h-[42px] border border-warning px-4 font-semibold text-warning"">Suspend",,D:\Projects\sahajomy-platform\backend\app\api\v1\super_admin\routes.py:2694
OperatorDetail,Super Admin,POST /super_admin/users/{id}/revoke-tokens,/admin/operators/:operatorId,pages/super_admin/OperatorDetail.jsx,services/api.js,/super_admin/users/{id}/revoke-tokens,POST,"user_id: str, db: Session=DB_SESSION, admin: User=SUPER_ADMIN_USER",inline,FastAPI authenticated/role dependency; inspect handler,none found,missing,Expose post in the mobile OperatorDetail flow,"Open case | Save company and compliance | Save service controls | closeCase(item.id)} className=""text-xs font-bold text-accent"">Resolve | runDecision(""approve"")} className=""app-button-primary min-h-[42px] px-4"">Approve | runDecision(""reactivate"")} className=""app-button-secondary min-h-[42px] px-4"">Reactivate | runDecision(""reject"")} className=""min-h-[42px] border border-danger px-4 font-semibold text-danger"">Reject | runDecision(""suspend"")} className=""min-h-[42px] border border-warning px-4 font-semibold text-warning"">Suspend",,D:\Projects\sahajomy-platform\backend\app\api\v1\super_admin\routes.py:597
Operators,Super Admin,params,/admin/operators,pages/super_admin/Operators.jsx,services/api.js,/super_admin/operators,GET,"status: Optional[str]=None, role: Optional[Literal['cargo_admin', 'sourcing_agent']]=None, service: Optional[str]=None, country: Optional[str]=None, search: Optional[str]=None, page: int=1, size: int=20, db: Session=DB_SESSION, admin: User=SUPER_ADMIN_USER",inline,FastAPI authenticated/role dependency; inspect handler,API call exists without verified page/action parity,partially implemented,Expose params in the mobile Operators flow,,,D:\Projects\sahajomy-platform\backend\app\api\v1\super_admin\routes.py:2037
Operators,Super Admin,params,/admin/operators,pages/super_admin/Operators.jsx,services/api.js,/public/cargo-operators/options,GET,,inline,FastAPI authenticated/role dependency; inspect handler,none found,missing,Expose params in the mobile Operators flow,,,D:\Projects\sahajomy-platform\backend\app\api\v1\cargo_operator_registrations.py:246
PendingApprovals,Super Admin,response,/admin/pending-approvals,pages/super_admin/PendingApprovals.jsx,services/api.js,/super_admin/users,GET,"role: Optional[str]=None, status: Optional[str]=None, search: Optional[str]=None, page: int=1, size: int=20, db: Session=DB_SESSION, admin: User=SUPER_ADMIN_USER",inline,FastAPI authenticated/role dependency; inspect handler,API call exists without verified page/action parity,partially implemented,Expose response in the mobile PendingApprovals flow,"handleApprove(user)}
                            className=""text-xs text-success hover:text-success-dark font-medium flex items-center gap-1""
                          >
                            
                            Approve | handleApprove(user)}
                      className=""min-h-[42px] rounded-lg border border-success px-3 text-sm font-medium text-success whitespace-nowrap""
                    >
                      Approve | handleReject(user)}
                            className=""text-xs text-danger hover:text-danger-dark font-medium flex items-center gap-1""
                          >
                            
                            Reject | handleReject(user)}
                      className=""min-h-[42px] rounded-lg border border-danger px-3 text-sm font-medium text-danger whitespace-nowrap""
                    >
                      Reject",,D:\Projects\sahajomy-platform\backend\app\api\v1\super_admin\routes.py:268
PendingApprovals,Super Admin,handleApprove,/admin/pending-approvals,pages/super_admin/PendingApprovals.jsx,services/api.js,/super_admin/operators/{id}/decision,PATCH,"user_id: str, body: CargoOperatorDecision, db: Session=DB_SESSION, admin: User=SUPER_ADMIN_USER",inline,FastAPI authenticated/role dependency; inspect handler,none found,missing,Expose handleApprove in the mobile PendingApprovals flow,"handleApprove(user)}
                            className=""text-xs text-success hover:text-success-dark font-medium flex items-center gap-1""
                          >
                            
                            Approve | handleApprove(user)}
                      className=""min-h-[42px] rounded-lg border border-success px-3 text-sm font-medium text-success whitespace-nowrap""
                    >
                      Approve | handleReject(user)}
                            className=""text-xs text-danger hover:text-danger-dark font-medium flex items-center gap-1""
                          >
                            
                            Reject | handleReject(user)}
                      className=""min-h-[42px] rounded-lg border border-danger px-3 text-sm font-medium text-danger whitespace-nowrap""
                    >
                      Reject",,D:\Projects\sahajomy-platform\backend\app\api\v1\super_admin\routes.py:2448
PendingApprovals,Super Admin,handleApprove,/admin/pending-approvals,pages/super_admin/PendingApprovals.jsx,services/api.js,/super_admin/users/{id}/status,PATCH,"user_id: str, body: UserStatusUpdate, db: Session=DB_SESSION, admin: User=SUPER_ADMIN_USER",inline,FastAPI authenticated/role dependency; inspect handler,API call exists without verified page/action parity,partially implemented,Expose handleApprove in the mobile PendingApprovals flow,"handleApprove(user)}
                            className=""text-xs text-success hover:text-success-dark font-medium flex items-center gap-1""
                          >
                            
                            Approve | handleApprove(user)}
                      className=""min-h-[42px] rounded-lg border border-success px-3 text-sm font-medium text-success whitespace-nowrap""
                    >
                      Approve | handleReject(user)}
                            className=""text-xs text-danger hover:text-danger-dark font-medium flex items-center gap-1""
                          >
                            
                            Reject | handleReject(user)}
                      className=""min-h-[42px] rounded-lg border border-danger px-3 text-sm font-medium text-danger whitespace-nowrap""
                    >
                      Reject",,D:\Projects\sahajomy-platform\backend\app\api\v1\super_admin\routes.py:386
PendingApprovals,Super Admin,reason,/admin/pending-approvals,pages/super_admin/PendingApprovals.jsx,services/api.js,/super_admin/operators/{id}/decision,PATCH,"user_id: str, body: CargoOperatorDecision, db: Session=DB_SESSION, admin: User=SUPER_ADMIN_USER",inline,FastAPI authenticated/role dependency; inspect handler,none found,missing,Expose reason in the mobile PendingApprovals flow,"handleApprove(user)}
                            className=""text-xs text-success hover:text-success-dark font-medium flex items-center gap-1""
                          >
                            
                            Approve | handleApprove(user)}
                      className=""min-h-[42px] rounded-lg border border-success px-3 text-sm font-medium text-success whitespace-nowrap""
                    >
                      Approve | handleReject(user)}
                            className=""text-xs text-danger hover:text-danger-dark font-medium flex items-center gap-1""
                          >
                            
                            Reject | handleReject(user)}
                      className=""min-h-[42px] rounded-lg border border-danger px-3 text-sm font-medium text-danger whitespace-nowrap""
                    >
                      Reject",,D:\Projects\sahajomy-platform\backend\app\api\v1\super_admin\routes.py:2448
PendingApprovals,Super Admin,reason,/admin/pending-approvals,pages/super_admin/PendingApprovals.jsx,services/api.js,/super_admin/users/{id}/status,PATCH,"user_id: str, body: UserStatusUpdate, db: Session=DB_SESSION, admin: User=SUPER_ADMIN_USER",inline,FastAPI authenticated/role dependency; inspect handler,API call exists without verified page/action parity,partially implemented,Expose reason in the mobile PendingApprovals flow,"handleApprove(user)}
                            className=""text-xs text-success hover:text-success-dark font-medium flex items-center gap-1""
                          >
                            
                            Approve | handleApprove(user)}
                      className=""min-h-[42px] rounded-lg border border-success px-3 text-sm font-medium text-success whitespace-nowrap""
                    >
                      Approve | handleReject(user)}
                            className=""text-xs text-danger hover:text-danger-dark font-medium flex items-center gap-1""
                          >
                            
                            Reject | handleReject(user)}
                      className=""min-h-[42px] rounded-lg border border-danger px-3 text-sm font-medium text-danger whitespace-nowrap""
                    >
                      Reject",,D:\Projects\sahajomy-platform\backend\app\api\v1\super_admin\routes.py:386
SeaBookings,Super Admin,Present page content / navigation,/admin/sea-bookings,pages/super_admin/SeaBookings.jsx,none,none,none,none,none,public or route guard,none,missing,Mobile page and all navigation actions,"setPage((current) => current - 1)} className=""app-button-secondary inline-flex min-h-[40px] items-center gap-1 px-3"">Previous",,
SourcingAgents,Super Admin,loadRegistrations,/admin/sourcing-agents,pages/super_admin/SourcingAgents.jsx,services/api.js,/super_admin/sourcing-agents,GET,"status: Optional[str]=Query(default=None), niche: Optional[str]=Query(default=None), search: Optional[str]=Query(default=None), page: int=Query(default=1, ge=1), size: int=Query(default=20, ge=1, le=100), db: Session=Depends(get_db), admin: User=Depends(get_super_admin)",inline,FastAPI authenticated/role dependency; inspect handler,API call exists without verified page/action parity,partially implemented,Expose loadRegistrations in the mobile SourcingAgents flow,"Cancel | Save | openEdit(row)}
                        className=""text-xs px-2 py-1 border border-border hover:bg-secondary inline-flex items-center gap-1""
                      >
                        
                        Edit | openEdit(row)}
                    className=""min-h-[40px] rounded-lg border border-border text-sm inline-flex items-center justify-center gap-1 hover:bg-secondary""
                  >
                    
                    Edit | quickStatusUpdate(row, 'inactive')}
                        className=""text-xs px-2 py-1 border border-border hover:bg-secondary""
                      >
                        Deactivate | quickStatusUpdate(row, 'inactive')}
                    className=""min-h-[40px] rounded-lg border border-border text-sm hover:bg-secondary""
                  >
                    Deactivate | quickStatusUpdate(row, 'rejected')}
                        className=""text-xs px-2 py-1 border border-border hover:bg-danger-soft""
                      >
                        Reject | quickStatusUpdate(row, 'rejected')}
                    className=""min-h-[40px] rounded-lg border border-border text-sm hover:bg-danger-soft""
                  >
                    Reject | quickStatusUpdate(row, 'verified')}
                        className=""text-xs px-2 py-1 border border-border hover:bg-success-soft""
                      >
                        Verify | quickStatusUpdate(row, 'verified')}
                    className=""min-h-[40px] rounded-lg border border-border text-sm hover:bg-success-soft""
                  >
                    Verify | setPage((prev) => Math.max(1, prev - 1))}
              className=""min-h-[40px] px-3 py-1 border border-border rounded disabled:opacity-50""
            >
              Prev",,D:\Projects\sahajomy-platform\backend\app\api\v1\sourcing_agent\registration_routes.py:947
SourcingAgents,Super Admin,saveEdit,/admin/sourcing-agents,pages/super_admin/SourcingAgents.jsx,services/api.js,/super_admin/sourcing-agents/{id},PATCH,"agent_id: str, body: SourcingAgentAdminUpdate, db: Session=Depends(get_db), admin: User=Depends(get_super_admin)",inline,FastAPI authenticated/role dependency; inspect handler,none found,missing,Expose saveEdit in the mobile SourcingAgents flow,"Cancel | Save | openEdit(row)}
                        className=""text-xs px-2 py-1 border border-border hover:bg-secondary inline-flex items-center gap-1""
                      >
                        
                        Edit | openEdit(row)}
                    className=""min-h-[40px] rounded-lg border border-border text-sm inline-flex items-center justify-center gap-1 hover:bg-secondary""
                  >
                    
                    Edit | quickStatusUpdate(row, 'inactive')}
                        className=""text-xs px-2 py-1 border border-border hover:bg-secondary""
                      >
                        Deactivate | quickStatusUpdate(row, 'inactive')}
                    className=""min-h-[40px] rounded-lg border border-border text-sm hover:bg-secondary""
                  >
                    Deactivate | quickStatusUpdate(row, 'rejected')}
                        className=""text-xs px-2 py-1 border border-border hover:bg-danger-soft""
                      >
                        Reject | quickStatusUpdate(row, 'rejected')}
                    className=""min-h-[40px] rounded-lg border border-border text-sm hover:bg-danger-soft""
                  >
                    Reject | quickStatusUpdate(row, 'verified')}
                        className=""text-xs px-2 py-1 border border-border hover:bg-success-soft""
                      >
                        Verify | quickStatusUpdate(row, 'verified')}
                    className=""min-h-[40px] rounded-lg border border-border text-sm hover:bg-success-soft""
                  >
                    Verify | setPage((prev) => Math.max(1, prev - 1))}
              className=""min-h-[40px] px-3 py-1 border border-border rounded disabled:opacity-50""
            >
              Prev",,D:\Projects\sahajomy-platform\backend\app\api\v1\sourcing_agent\registration_routes.py:1035
SourcingAgents,Super Admin,quickStatusUpdate,/admin/sourcing-agents,pages/super_admin/SourcingAgents.jsx,services/api.js,/super_admin/sourcing-agents/{id},PATCH,"agent_id: str, body: SourcingAgentAdminUpdate, db: Session=Depends(get_db), admin: User=Depends(get_super_admin)",inline,FastAPI authenticated/role dependency; inspect handler,none found,missing,Expose quickStatusUpdate in the mobile SourcingAgents flow,"Cancel | Save | openEdit(row)}
                        className=""text-xs px-2 py-1 border border-border hover:bg-secondary inline-flex items-center gap-1""
                      >
                        
                        Edit | openEdit(row)}
                    className=""min-h-[40px] rounded-lg border border-border text-sm inline-flex items-center justify-center gap-1 hover:bg-secondary""
                  >
                    
                    Edit | quickStatusUpdate(row, 'inactive')}
                        className=""text-xs px-2 py-1 border border-border hover:bg-secondary""
                      >
                        Deactivate | quickStatusUpdate(row, 'inactive')}
                    className=""min-h-[40px] rounded-lg border border-border text-sm hover:bg-secondary""
                  >
                    Deactivate | quickStatusUpdate(row, 'rejected')}
                        className=""text-xs px-2 py-1 border border-border hover:bg-danger-soft""
                      >
                        Reject | quickStatusUpdate(row, 'rejected')}
                    className=""min-h-[40px] rounded-lg border border-border text-sm hover:bg-danger-soft""
                  >
                    Reject | quickStatusUpdate(row, 'verified')}
                        className=""text-xs px-2 py-1 border border-border hover:bg-success-soft""
                      >
                        Verify | quickStatusUpdate(row, 'verified')}
                    className=""min-h-[40px] rounded-lg border border-border text-sm hover:bg-success-soft""
                  >
                    Verify | setPage((prev) => Math.max(1, prev - 1))}
              className=""min-h-[40px] px-3 py-1 border border-border rounded disabled:opacity-50""
            >
              Prev",,D:\Projects\sahajomy-platform\backend\app\api\v1\sourcing_agent\registration_routes.py:1035
SuperAdminDashboard,Super Admin,response,/admin/dashboard,pages/super_admin/SuperAdminDashboard.jsx,services/api.js,/super_admin/analytics/overview,GET,"db: Session=DB_SESSION, admin: User=SUPER_ADMIN_USER",inline,FastAPI authenticated/role dependency; inspect handler,API call exists without verified page/action parity,partially implemented,Expose response in the mobile SuperAdminDashboard flow,Try Again,,D:\Projects\sahajomy-platform\backend\app\api\v1\super_admin\routes.py:1856
SuperAdminDashboard,Super Admin,response,/admin/dashboard,pages/super_admin/SuperAdminDashboard.jsx,services/api.js,/super_admin/audit-logs,GET,"page: int=1, size: int=50, action: Optional[str]=None, user_id: Optional[str]=None, entity_type: Optional[str]=None, entity_id: Optional[str]=None, db: Session=DB_SESSION, admin: User=SUPER_ADMIN_USER",inline,FastAPI authenticated/role dependency; inspect handler,none found,missing,Expose response in the mobile SuperAdminDashboard flow,Try Again,,D:\Projects\sahajomy-platform\backend\app\api\v1\super_admin\routes.py:1946
TrackShipments,Super Admin,loadAllShipments,/admin/track-shipments,pages/super_admin/TrackShipments.jsx,services/api.js,/tracking/admin/containers,GET,"status_filter: Optional[str]=Query(default=None, alias='status'), db: Session=DB_SESSION, current_user: User=CARGO_ADMIN_USER",inline,FastAPI authenticated/role dependency; inspect handler,none found,missing,Expose loadAllShipments in the mobile TrackShipments flow,,,D:\Projects\sahajomy-platform\backend\app\api\v1\tracking.py:249
TrackShipments,Super Admin,loadAllShipments,/admin/track-shipments,pages/super_admin/TrackShipments.jsx,services/api.js,/tracking/admin/sea-bookings,GET,"status_filter: Optional[str]=Query(default=None, alias='status'), db: Session=DB_SESSION, current_user: User=CARGO_ADMIN_USER",inline,FastAPI authenticated/role dependency; inspect handler,none found,missing,Expose loadAllShipments in the mobile TrackShipments flow,,,D:\Projects\sahajomy-platform\backend\app\api\v1\tracking.py:276
TrackShipments,Super Admin,loadAllShipments,/admin/track-shipments,pages/super_admin/TrackShipments.jsx,services/api.js,/tracking/admin/bookings,GET,"status_filter: Optional[str]=Query(default=None, alias='status'), db: Session=DB_SESSION, current_user: User=CARGO_ADMIN_USER",inline,FastAPI authenticated/role dependency; inspect handler,none found,missing,Expose loadAllShipments in the mobile TrackShipments flow,,,D:\Projects\sahajomy-platform\backend\app\api\v1\tracking.py:308
TrackShipments,Super Admin,loadAllShipments,/admin/track-shipments,pages/super_admin/TrackShipments.jsx,services/api.js,/tracking/admin/shipment_orders,GET,"status_filter: Optional[str]=Query(default=None, alias='status'), db: Session=DB_SESSION, current_user: User=CARGO_ADMIN_USER",inline,FastAPI authenticated/role dependency; inspect handler,API call exists without verified page/action parity,partially implemented,Expose loadAllShipments in the mobile TrackShipments flow,,,D:\Projects\sahajomy-platform\backend\app\api\v1\tracking.py:337
UserDetail,Super Admin,userResponse,/admin/users/:userId,pages/super_admin/UserDetail.jsx,services/api.js,/super_admin/users/{id},GET,"limit: int=5, db: Session=DB_SESSION, admin: User=SUPER_ADMIN_USER",inline,FastAPI authenticated/role dependency; inspect handler,API call exists without verified page/action parity,partially implemented,Expose userResponse in the mobile UserDetail flow,"Revoke Tokens | navigate('/admin/users')}
                className=""p-2 hover:bg-secondary rounded-lg transition-colors""
              > | navigate('/admin/users')}
              className=""inline-flex items-center gap-2 px-4 py-2 bg-accent text-white rounded-lg hover:bg-brand transition-colors""
            >
              
              Back to Users | navigate('/admin/users')}
              className=""p-2 hover:bg-secondary rounded-lg transition-colors""
            >",,D:\Projects\sahajomy-platform\backend\app\api\v1\super_admin\routes.py:329
UserDetail,Super Admin,auditResponse,/admin/users/:userId,pages/super_admin/UserDetail.jsx,services/api.js,/super_admin/audit-logs,GET,"page: int=1, size: int=50, action: Optional[str]=None, user_id: Optional[str]=None, entity_type: Optional[str]=None, entity_id: Optional[str]=None, db: Session=DB_SESSION, admin: User=SUPER_ADMIN_USER",inline,FastAPI authenticated/role dependency; inspect handler,none found,missing,Expose auditResponse in the mobile UserDetail flow,"Revoke Tokens | navigate('/admin/users')}
                className=""p-2 hover:bg-secondary rounded-lg transition-colors""
              > | navigate('/admin/users')}
              className=""inline-flex items-center gap-2 px-4 py-2 bg-accent text-white rounded-lg hover:bg-brand transition-colors""
            >
              
              Back to Users | navigate('/admin/users')}
              className=""p-2 hover:bg-secondary rounded-lg transition-colors""
            >",,D:\Projects\sahajomy-platform\backend\app\api\v1\super_admin\routes.py:1946
UserDetail,Super Admin,handleStatusChange,/admin/users/:userId,pages/super_admin/UserDetail.jsx,services/api.js,/super_admin/users/{id}/status,PATCH,"user_id: str, body: UserStatusUpdate, db: Session=DB_SESSION, admin: User=SUPER_ADMIN_USER",inline,FastAPI authenticated/role dependency; inspect handler,API call exists without verified page/action parity,partially implemented,Expose handleStatusChange in the mobile UserDetail flow,"Revoke Tokens | navigate('/admin/users')}
                className=""p-2 hover:bg-secondary rounded-lg transition-colors""
              > | navigate('/admin/users')}
              className=""inline-flex items-center gap-2 px-4 py-2 bg-accent text-white rounded-lg hover:bg-brand transition-colors""
            >
              
              Back to Users | navigate('/admin/users')}
              className=""p-2 hover:bg-secondary rounded-lg transition-colors""
            >",,D:\Projects\sahajomy-platform\backend\app\api\v1\super_admin\routes.py:386
UserDetail,Super Admin,handleRevokeTokens,/admin/users/:userId,pages/super_admin/UserDetail.jsx,services/api.js,/super_admin/users/{id}/revoke-tokens,POST,"user_id: str, db: Session=DB_SESSION, admin: User=SUPER_ADMIN_USER",inline,FastAPI authenticated/role dependency; inspect handler,none found,missing,Expose handleRevokeTokens in the mobile UserDetail flow,"Revoke Tokens | navigate('/admin/users')}
                className=""p-2 hover:bg-secondary rounded-lg transition-colors""
              > | navigate('/admin/users')}
              className=""inline-flex items-center gap-2 px-4 py-2 bg-accent text-white rounded-lg hover:bg-brand transition-colors""
            >
              
              Back to Users | navigate('/admin/users')}
              className=""p-2 hover:bg-secondary rounded-lg transition-colors""
            >",,D:\Projects\sahajomy-platform\backend\app\api\v1\super_admin\routes.py:597
Users,Super Admin,res,/admin/users,pages/super_admin/Users.jsx,services/api.js,/super_admin/users,GET,"role: Optional[str]=None, status: Optional[str]=None, search: Optional[str]=None, page: int=1, size: int=20, db: Session=DB_SESSION, admin: User=SUPER_ADMIN_USER",inline,FastAPI authenticated/role dependency; inspect handler,API call exists without verified page/action parity,partially implemented,Expose res in the mobile Users flow,"Clear filters | Save | setEditingField(null)}
                              className=""text-xs font-semibold text-muted hover:text-ink""
                            >
                              Cancel | setEditingField(null)}
                          className=""text-xs font-semibold text-muted hover:text-ink""
                        >
                          Cancel | setSearchInput("""")}
                  className=""text-muted hover:text-ink""
                > | setShowAddModal(false)}
                  className=""text-muted hover:text-ink""
                > | setShowAddModal(false)}
                  className=""w-full border border-border px-4 py-2.5 text-sm font-medium text-muted transition-colors hover:border-muted hover:text-ink md:w-auto""
                >
                  Cancel | setShowAddModal(true)}
            className=""flex min-h-[42px] items-center gap-2 bg-accent px-4 py-2 text-sm font-semibold text-white transition-colors hover:bg-brand""
          >
            
            Add User | startEdit(""email"")}
                          className=""shrink-0 text-xs font-semibold text-accent hover:text-brand""
                        >
                          Edit | startEdit(""name"")}
                          className=""mt-0.5 text-xs font-semibold text-accent hover:text-brand""
                        >
                          Edit name | startEdit(""phone"")}
                          className=""shrink-0 text-xs font-semibold text-accent hover:text-brand""
                        >
                          Edit",,D:\Projects\sahajomy-platform\backend\app\api\v1\super_admin\routes.py:268
Users,Super Admin,changeRole,/admin/users,pages/super_admin/Users.jsx,services/api.js,/super_admin/users/{id}/role,PATCH,"user_id: str, body: UserRoleUpdate, db: Session=DB_SESSION, admin: User=SUPER_ADMIN_USER",inline,FastAPI authenticated/role dependency; inspect handler,none found,missing,Expose changeRole in the mobile Users flow,"Clear filters | Save | setEditingField(null)}
                              className=""text-xs font-semibold text-muted hover:text-ink""
                            >
                              Cancel | setEditingField(null)}
                          className=""text-xs font-semibold text-muted hover:text-ink""
                        >
                          Cancel | setSearchInput("""")}
                  className=""text-muted hover:text-ink""
                > | setShowAddModal(false)}
                  className=""text-muted hover:text-ink""
                > | setShowAddModal(false)}
                  className=""w-full border border-border px-4 py-2.5 text-sm font-medium text-muted transition-colors hover:border-muted hover:text-ink md:w-auto""
                >
                  Cancel | setShowAddModal(true)}
            className=""flex min-h-[42px] items-center gap-2 bg-accent px-4 py-2 text-sm font-semibold text-white transition-colors hover:bg-brand""
          >
            
            Add User | startEdit(""email"")}
                          className=""shrink-0 text-xs font-semibold text-accent hover:text-brand""
                        >
                          Edit | startEdit(""name"")}
                          className=""mt-0.5 text-xs font-semibold text-accent hover:text-brand""
                        >
                          Edit name | startEdit(""phone"")}
                          className=""shrink-0 text-xs font-semibold text-accent hover:text-brand""
                        >
                          Edit",,D:\Projects\sahajomy-platform\backend\app\api\v1\super_admin\routes.py:467
Users,Super Admin,next,/admin/users,pages/super_admin/Users.jsx,services/api.js,/super_admin/users/{id}/verification,PATCH,"user_id: str, body: UserVerificationUpdate, db: Session=DB_SESSION, admin: User=SUPER_ADMIN_USER",inline,FastAPI authenticated/role dependency; inspect handler,API call exists without verified page/action parity,partially implemented,Expose next in the mobile Users flow,"Clear filters | Save | setEditingField(null)}
                              className=""text-xs font-semibold text-muted hover:text-ink""
                            >
                              Cancel | setEditingField(null)}
                          className=""text-xs font-semibold text-muted hover:text-ink""
                        >
                          Cancel | setSearchInput("""")}
                  className=""text-muted hover:text-ink""
                > | setShowAddModal(false)}
                  className=""text-muted hover:text-ink""
                > | setShowAddModal(false)}
                  className=""w-full border border-border px-4 py-2.5 text-sm font-medium text-muted transition-colors hover:border-muted hover:text-ink md:w-auto""
                >
                  Cancel | setShowAddModal(true)}
            className=""flex min-h-[42px] items-center gap-2 bg-accent px-4 py-2 text-sm font-semibold text-white transition-colors hover:bg-brand""
          >
            
            Add User | startEdit(""email"")}
                          className=""shrink-0 text-xs font-semibold text-accent hover:text-brand""
                        >
                          Edit | startEdit(""name"")}
                          className=""mt-0.5 text-xs font-semibold text-accent hover:text-brand""
                        >
                          Edit name | startEdit(""phone"")}
                          className=""shrink-0 text-xs font-semibold text-accent hover:text-brand""
                        >
                          Edit",,D:\Projects\sahajomy-platform\backend\app\api\v1\super_admin\routes.py:542
Users,Super Admin,changeStatus,/admin/users,pages/super_admin/Users.jsx,services/api.js,/super_admin/users/{id}/status,PATCH,"user_id: str, body: UserStatusUpdate, db: Session=DB_SESSION, admin: User=SUPER_ADMIN_USER",inline,FastAPI authenticated/role dependency; inspect handler,API call exists without verified page/action parity,partially implemented,Expose changeStatus in the mobile Users flow,"Clear filters | Save | setEditingField(null)}
                              className=""text-xs font-semibold text-muted hover:text-ink""
                            >
                              Cancel | setEditingField(null)}
                          className=""text-xs font-semibold text-muted hover:text-ink""
                        >
                          Cancel | setSearchInput("""")}
                  className=""text-muted hover:text-ink""
                > | setShowAddModal(false)}
                  className=""text-muted hover:text-ink""
                > | setShowAddModal(false)}
                  className=""w-full border border-border px-4 py-2.5 text-sm font-medium text-muted transition-colors hover:border-muted hover:text-ink md:w-auto""
                >
                  Cancel | setShowAddModal(true)}
            className=""flex min-h-[42px] items-center gap-2 bg-accent px-4 py-2 text-sm font-semibold text-white transition-colors hover:bg-brand""
          >
            
            Add User | startEdit(""email"")}
                          className=""shrink-0 text-xs font-semibold text-accent hover:text-brand""
                        >
                          Edit | startEdit(""name"")}
                          className=""mt-0.5 text-xs font-semibold text-accent hover:text-brand""
                        >
                          Edit name | startEdit(""phone"")}
                          className=""shrink-0 text-xs font-semibold text-accent hover:text-brand""
                        >
                          Edit",,D:\Projects\sahajomy-platform\backend\app\api\v1\super_admin\routes.py:386
Users,Super Admin,res,/admin/users,pages/super_admin/Users.jsx,services/api.js,/super_admin/users/{id}/revoke-tokens,POST,"user_id: str, db: Session=DB_SESSION, admin: User=SUPER_ADMIN_USER",inline,FastAPI authenticated/role dependency; inspect handler,none found,missing,Expose res in the mobile Users flow,"Clear filters | Save | setEditingField(null)}
                              className=""text-xs font-semibold text-muted hover:text-ink""
                            >
                              Cancel | setEditingField(null)}
                          className=""text-xs font-semibold text-muted hover:text-ink""
                        >
                          Cancel | setSearchInput("""")}
                  className=""text-muted hover:text-ink""
                > | setShowAddModal(false)}
                  className=""text-muted hover:text-ink""
                > | setShowAddModal(false)}
                  className=""w-full border border-border px-4 py-2.5 text-sm font-medium text-muted transition-colors hover:border-muted hover:text-ink md:w-auto""
                >
                  Cancel | setShowAddModal(true)}
            className=""flex min-h-[42px] items-center gap-2 bg-accent px-4 py-2 text-sm font-semibold text-white transition-colors hover:bg-brand""
          >
            
            Add User | startEdit(""email"")}
                          className=""shrink-0 text-xs font-semibold text-accent hover:text-brand""
                        >
                          Edit | startEdit(""name"")}
                          className=""mt-0.5 text-xs font-semibold text-accent hover:text-brand""
                        >
                          Edit name | startEdit(""phone"")}
                          className=""shrink-0 text-xs font-semibold text-accent hover:text-brand""
                        >
                          Edit",,D:\Projects\sahajomy-platform\backend\app\api\v1\super_admin\routes.py:597
Users,Super Admin,deleteUser,/admin/users,pages/super_admin/Users.jsx,services/api.js,/super_admin/users/{id},DELETE,"user_id: str, db: Session=DB_SESSION, admin: User=SUPER_ADMIN_USER",inline,FastAPI authenticated/role dependency; inspect handler,none found,missing,Expose deleteUser in the mobile Users flow,"Clear filters | Save | setEditingField(null)}
                              className=""text-xs font-semibold text-muted hover:text-ink""
                            >
                              Cancel | setEditingField(null)}
                          className=""text-xs font-semibold text-muted hover:text-ink""
                        >
                          Cancel | setSearchInput("""")}
                  className=""text-muted hover:text-ink""
                > | setShowAddModal(false)}
                  className=""text-muted hover:text-ink""
                > | setShowAddModal(false)}
                  className=""w-full border border-border px-4 py-2.5 text-sm font-medium text-muted transition-colors hover:border-muted hover:text-ink md:w-auto""
                >
                  Cancel | setShowAddModal(true)}
            className=""flex min-h-[42px] items-center gap-2 bg-accent px-4 py-2 text-sm font-semibold text-white transition-colors hover:bg-brand""
          >
            
            Add User | startEdit(""email"")}
                          className=""shrink-0 text-xs font-semibold text-accent hover:text-brand""
                        >
                          Edit | startEdit(""name"")}
                          className=""mt-0.5 text-xs font-semibold text-accent hover:text-brand""
                        >
                          Edit name | startEdit(""phone"")}
                          className=""shrink-0 text-xs font-semibold text-accent hover:text-brand""
                        >
                          Edit",,D:\Projects\sahajomy-platform\backend\app\api\v1\super_admin\routes.py:833
Users,Super Admin,patch,/admin/users,pages/super_admin/Users.jsx,services/api.js,/super_admin/users/{id}/{id},PATCH,"user_id: str, body: UserStatusUpdate, db: Session=DB_SESSION, admin: User=SUPER_ADMIN_USER",inline,FastAPI authenticated/role dependency; inspect handler,API call exists without verified page/action parity,partially implemented,Expose patch in the mobile Users flow,"Clear filters | Save | setEditingField(null)}
                              className=""text-xs font-semibold text-muted hover:text-ink""
                            >
                              Cancel | setEditingField(null)}
                          className=""text-xs font-semibold text-muted hover:text-ink""
                        >
                          Cancel | setSearchInput("""")}
                  className=""text-muted hover:text-ink""
                > | setShowAddModal(false)}
                  className=""text-muted hover:text-ink""
                > | setShowAddModal(false)}
                  className=""w-full border border-border px-4 py-2.5 text-sm font-medium text-muted transition-colors hover:border-muted hover:text-ink md:w-auto""
                >
                  Cancel | setShowAddModal(true)}
            className=""flex min-h-[42px] items-center gap-2 bg-accent px-4 py-2 text-sm font-semibold text-white transition-colors hover:bg-brand""
          >
            
            Add User | startEdit(""email"")}
                          className=""shrink-0 text-xs font-semibold text-accent hover:text-brand""
                        >
                          Edit | startEdit(""name"")}
                          className=""mt-0.5 text-xs font-semibold text-accent hover:text-brand""
                        >
                          Edit name | startEdit(""phone"")}
                          className=""shrink-0 text-xs font-semibold text-accent hover:text-brand""
                        >
                          Edit",,D:\Projects\sahajomy-platform\backend\app\api\v1\super_admin\routes.py:386
Users,Super Admin,handleAddUser,/admin/users,pages/super_admin/Users.jsx,services/api.js,/super_admin/users/create,POST,"body: UserCreate, db: Session=DB_SESSION, admin: User=SUPER_ADMIN_USER",inline,FastAPI authenticated/role dependency; inspect handler,none found,missing,Expose handleAddUser in the mobile Users flow,"Clear filters | Save | setEditingField(null)}
                              className=""text-xs font-semibold text-muted hover:text-ink""
                            >
                              Cancel | setEditingField(null)}
                          className=""text-xs font-semibold text-muted hover:text-ink""
                        >
                          Cancel | setSearchInput("""")}
                  className=""text-muted hover:text-ink""
                > | setShowAddModal(false)}
                  className=""text-muted hover:text-ink""
                > | setShowAddModal(false)}
                  className=""w-full border border-border px-4 py-2.5 text-sm font-medium text-muted transition-colors hover:border-muted hover:text-ink md:w-auto""
                >
                  Cancel | setShowAddModal(true)}
            className=""flex min-h-[42px] items-center gap-2 bg-accent px-4 py-2 text-sm font-semibold text-white transition-colors hover:bg-brand""
          >
            
            Add User | startEdit(""email"")}
                          className=""shrink-0 text-xs font-semibold text-accent hover:text-brand""
                        >
                          Edit | startEdit(""name"")}
                          className=""mt-0.5 text-xs font-semibold text-accent hover:text-brand""
                        >
                          Edit name | startEdit(""phone"")}
                          className=""shrink-0 text-xs font-semibold text-accent hover:text-brand""
                        >
                          Edit",,D:\Projects\sahajomy-platform\backend\app\api\v1\super_admin\routes.py:944
WarehouseAutomation,Super Admin,response,/admin/warehouse-automation,pages/super_admin/WarehouseAutomation.jsx,services/api.js,/super_admin/warehouse-automation/cargo-admins,GET,"db: Session=Depends(get_db), _: User=Depends(get_super_admin)",inline,FastAPI authenticated/role dependency; inspect handler,API call exists without verified page/action parity,partially implemented,Expose response in the mobile WarehouseAutomation flow,,,D:\Projects\sahajomy-platform\backend\app\api\v1\warehouse_automation.py:184
WarehouseAutomation,Super Admin,action,/admin/warehouse-automation,pages/super_admin/WarehouseAutomation.jsx,services/api.js,/super_admin/warehouse-automation/cargo-admins/{id},PUT,"cargo_admin_id: UUID, body: EntitlementInput, db: Session=Depends(get_db), super_admin: User=Depends(get_super_admin)",inline,FastAPI authenticated/role dependency; inspect handler,API call exists without verified page/action parity,partially implemented,Expose action in the mobile WarehouseAutomation flow,,,D:\Projects\sahajomy-platform\backend\app\api\v1\warehouse_automation.py:192
ContactUs,Public / shared,Present page content / navigation,/contact,pages/support/ContactUs.jsx,none,none,none,none,none,public or route guard,none,missing,Mobile page and all navigation actions,,,
